user_id,winner,best_ndcg,ndcg_Popularity,ndcg_ContentBased,ndcg_UserCF,ndcg_ItemCF,ndcg_SVD,ndcg_ALS,ndcg_NCF,ndcg_Hybrid
1,Hybrid,0.7065836017263629,0.2984900352767555,0.0,0.2082936658103318,0.23365080824310533,0.0,0.28371255449703187,0.0,0.7065836017263629
2,none,0.0,0.0,0.0,0.0,0.0,0.0,0.0,0.0,0.0
3,Popularity,0.19519002499605084,0.19519002499605084,0.0,0.0,0.0,0.0,0.0,0.13905617951077562,0.0
4,Popularity,0.2640681225725909,0.2640681225725909,0.0,0.0,0.0,0.0,0.17723928678404774,0.0,0.0
5,SVD,0.24630238874073,0.0,0.0,0.0,0.13905617951077562,0.24630238874073,0.13012668333070054,0.0,0.123151194370365
6,ALS,0.2710884709729799,0.06362078819895171,0.0,0.13568544539116628,0.06625422345438903,0.0,0.2710884709729799,0.1884441521277154,0.07839826897867533
7,UserCF,0.8415908474314976,0.22009176629808017,0.0,0.8415908474314976,0.33013764944712026,0.2583297509898471,0.6059848036189867,0.43808927588501717,0.7917267193679839
8,ALS,0.2532778777010656,0.0,0.0,0.0,0.0,0.123151194370365,0.2532778777010656,0.0,0.0
9,NCF,0.19342640361727081,0.0,0.0,0.0,0.0,0.0,0.0,0.19342640361727081,0.0
10,SVD,0.22009176629808017,0.0,0.07839826897867533,0.07839826897867533,0.07839826897867533,0.22009176629808017,0.14279514403613733,0.0,0.17993148201117176
11,none,0.0,0.0,0.0,0.0,0.0,0.0,0.0,0.0,0.0
12,UserCF,0.3391602052736161,0.0,0.0,0.3391602052736161,0.10699313236726378,0.23819820987960558,0.13120507751234178,0.16958010263680806,0.21398626473452756
13,Hybrid,0.17630010660342912,0.07336392209936005,0.0,0.08514311764162098,0.0,0.0,0.06362078819895171,0.0,0.17630010660342912
14,NCF,0.4228372499824729,0.2529427027676571,0.0,0.2529427027676571,0.10893649261775588,0.0,0.35079429740281753,0.4228372499824729,0.2529427027676571
15,none,0.0,0.0,0.0,0.0,0.0,0.0,0.0,0.0,0.0
16,ItemCF,0.3589542101716347,0.07336392209936005,0.08514311764162098,0.16421958630632802,0.3589542101716347,0.13886244387355454,0.13886244387355454,0.0,0.22009176629808017
17,none,0.0,0.0,0.0,0.0,0.0,0.0,0.0,0.0,0.0
18,UserCF,0.6274092458891772,0.0,0.0,0.6274092458891772,0.2934556883974402,0.22009176629808017,0.5965377185773229,0.2489083270225946,0.5501126236272343
19,none,0.0,0.0,0.0,0.0,0.0,0.0,0.0,0.0,0.0
20,ItemCF,0.21840743681816419,0.0,0.0,0.0,0.21840743681816419,0.0,0.0,0.0,0.0
21,ALS,0.38685280723454163,0.0,0.0,0.0,0.0,0.0,0.38685280723454163,0.0,0.0
22,ALS,0.2429718246796358,0.0,0.0,0.0,0.0,0.0,0.2429718246796358,0.0,0.0
23,Hybrid,0.16917200913059094,0.0,0.0,0.11752277470724268,0.0,0.1482972305701491,0.10122860821230018,0.09092803061897883,0.16917200913059094
24,Hybrid,0.3894141271842883,0.2521686779156779,0.0,0.19092086617893467,0.30260241349881345,0.0,0.20453430723937174,0.19092086617893467,0.3894141271842883
25,Hybrid,0.5306972923267992,0.265053101293003,0.0,0.3615901614084106,0.13743816645714543,0.27487633291429087,0.17342765698823945,0.10633668103022985,0.5306972923267992
26,UserCF,0.7846170207230129,0.5541432109622958,0.0,0.7846170207230129,0.13886244387355454,0.5704044892860389,0.6745711375739728,0.5423640154200349,0.684383072597662
27,none,0.0,0.0,0.0,0.0,0.0,0.0,0.0,0.0,0.0
28,Popularity,0.24630238874073,0.24630238874073,0.0,0.0,0.0,0.0,0.0,0.0,0.123151194370365
29,none,0.0,0.0,0.0,0.0,0.0,0.0,0.0,0.0,0.0
30,none,0.0,0.0,0.0,0.0,0.0,0.0,0.0,0.0,0.0
31,ALS,0.20210734650054757,0.0,0.0,0.0,0.0,0.0,0.20210734650054757,0.0,0.0
32,none,0.0,0.0,0.0,0.0,0.0,0.0,0.0,0.0,0.0
33,ALS,0.38685280723454163,0.0,0.0,0.0,0.0,0.0,0.38685280723454163,0.0,0.19342640361727081
34,none,0.0,0.0,0.0,0.0,0.0,0.0,0.0,0.0,0.0
35,none,0.0,0.0,0.0,0.0,0.0,0.0,0.0,0.0,0.0
36,none,0.0,0.0,0.0,0.0,0.0,0.0,0.0,0.0,0.0
37,ALS,0.6739577727076379,0.10699313236726378,0.0,0.5669646403403741,0.16958010263680806,0.6661998717660157,0.6739577727076379,0.4371994911049732,0.21398626473452756
38,none,0.0,0.0,0.0,0.0,0.0,0.0,0.0,0.0,0.0
39,ALS,0.21840743681816419,0.0,0.0,0.0,0.0,0.0,0.21840743681816419,0.0,0.17723928678404774
40,none,0.0,0.0,0.0,0.0,0.0,0.0,0.0,0.0,0.0
41,tie,0.20210734650054757,0.20210734650054757,0.20210734650054757,0.0,0.0,0.0,0.0,0.0,0.14126697285982898
42,Hybrid,0.23504554941448536,0.08372491399919346,0.0,0.0,0.07414861528507455,0.08372491399919346,0.08372491399919346,0.0,0.23504554941448536
43,NCF,0.4555573948688692,0.32583242649464755,0.0,0.0,0.0,0.2529427027676571,0.2327059155688063,0.4555573948688692,0.0
44,Hybrid,0.6724559848537955,0.0979129253499678,0.0,0.3108658234453849,0.19796212533499344,0.20424960638019762,0.4024912677501485,0.0,0.6724559848537955
45,none,0.0,0.0,0.0,0.0,0.0,0.0,0.0,0.0,0.0
46,Popularity,0.6131471927654584,0.6131471927654584,0.0,0.21840743681816419,0.0,0.0,0.3065735963827292,0.0,0.0
47,none,0.0,0.0,0.0,0.0,0.0,0.0,0.0,0.0,0.0
48,NCF,0.10086747116627115,0.0,0.0,0.0874717141014082,0.09546043308946733,0.09109240322345806,0.0,0.10086747116627115,0.09109240322345806
49,SVD,0.5,0.0,0.0,0.0,0.0,0.5,0.0,0.0,0.0
50,none,0.0,0.0,0.0,0.0,0.0,0.0,0.0,0.0,0.0
51,none,0.0,0.0,0.0,0.0,0.0,0.0,0.0,0.0,0.0
52,UserCF,0.21398626473452756,0.0,0.0,0.21398626473452756,0.10699313236726378,0.09803928583135704,0.0,0.1208113026994942,0.0
53,none,0.0,0.0,0.0,0.0,0.0,0.0,0.0,0.0,0.0
54,Hybrid,0.5855700749881525,0.0,0.0,0.0,0.13012668333070054,0.0,0.5585075862632192,0.3903800499921017,0.5855700749881525
55,Hybrid,0.3065735963827292,0.0,0.0,0.18457569677956817,0.0,0.0,0.17723928678404774,0.0,0.3065735963827292
56,none,0.0,0.0,0.0,0.0,0.0,0.0,0.0,0.0,0.0
57,ALS,0.5629199046684298,0.4845713881969346,0.0,0.38382802882359623,0.06794340091829075,0.21624063148843983,0.5629199046684298,0.10122860821230018,0.44349635474070687
58,tie,0.16812753627111746,0.0,0.0,0.16812753627111746,0.0,0.0,0.123151194370365,0.16812753627111746,0.0
59,ItemCF,0.3589542101716347,0.0,0.0,0.0,0.3589542101716347,0.11004588314904008,0.0,0.0,0.0
60,Hybrid,0.17630010660342912,0.0,0.07839826897867533,0.07336392209936005,0.0,0.0,0.09478836436955078,0.07839826897867533,0.17630010660342912
61,none,0.0,0.0,0.0,0.0,0.0,0.0,0.0,0.0,0.0
62,none,0.0,0.0,0.0,0.0,0.0,0.0,0.0,0.0,0.0
63,Popularity,1.0,1.0,0.0,0.0,0.0,0.0,0.0,0.0,0.0
64,Hybrid,0.3483201083051004,0.12647135138382856,0.0,0.12647135138382856,0.15958907712489634,0.07979453856244817,0.23540784400158446,0.09785159463516042,0.3483201083051004
65,UserCF,0.19092086617893467,0.10086747116627115,0.0,0.19092086617893467,0.15130120674940672,0.0,0.0,0.15130120674940672,0.0
66,none,0.0,0.0,0.0,0.0,0.0,0.0,0.0,0.0,0.0
67,Hybrid,0.6049306994552042,0.0,0.0,0.0,0.0,0.0,0.2960819109658652,0.0,0.6049306994552042
68,none,0.0,0.0,0.0,0.0,0.0,0.0,0.0,0.0,0.0
69,ItemCF,0.5531464700081437,0.26687965254220064,0.10209739512291163,0.14606834984270645,0.5531464700081437,0.4599715079731103,0.21398626473452756,0.35125161163747753,0.14606834984270645
70,SVD,0.3065735963827292,0.0,0.0,0.0,0.0,0.3065735963827292,0.23719771276929622,0.0,0.0
71,none,0.0,0.0,0.0,0.0,0.0,0.0,0.0,0.0,0.0
72,tie,0.2984900352767555,0.07839826897867533,0.0,0.2984900352767555,0.2984900352767555,0.0,0.2051166673279436,0.14279514403613733,0.07336392209936005
73,ContentBased,0.3562071871080222,0.0,0.3562071871080222,0.0,0.0,0.0,0.0,0.0,0.0
74,ContentBased,0.5,0.0,0.5,0.0,0.0,0.0,0.3333333333333333,0.0,0.31546487678572877
75,tie,0.07945707943276742,0.07945707943276742,0.0,0.0,0.07945707943276742,0.0,0.0,0.0,0.0
76,none,0.0,0.0,0.0,0.0,0.0,0.0,0.0,0.0,0.0
77,none,0.0,0.0,0.0,0.0,0.0,0.0,0.0,0.0,0.0
78,Hybrid,0.19342640361727081,0.0,0.0,0.0,0.0,0.0,0.0,0.0,0.19342640361727081
79,SVD,0.38685280723454163,0.19342640361727081,0.0,0.0,0.0,0.38685280723454163,0.0,0.0,0.0
80,SVD,0.31546487678572877,0.0,0.0,0.0,0.0,0.31546487678572877,0.0,0.0,0.0
81,Hybrid,0.6049306994552042,0.16716045496620227,0.0,0.20210734650054757,0.0,0.20210734650054757,0.18154179253735267,0.18154179253735267,0.6049306994552042
82,none,0.0,0.0,0.0,0.0,0.0,0.0,0.0,0.0,0.0
83,none,0.0,0.0,0.0,0.0,0.0,0.0,0.0,0.0,0.0
84,tie,0.14606834984270645,0.11305340175787204,0.0,0.14606834984270645,0.0,0.09803928583135704,0.11305340175787204,0.14606834984270645,0.0
85,ALS,0.36099027181348725,0.07336392209936005,0.0,0.1584091525685025,0.13886244387355454,0.1610425878239398,0.36099027181348725,0.31488013066763093,0.23365080824310533
86,ALS,0.21840743681816419,0.0,0.0,0.0,0.0,0.0,0.21840743681816419,0.0,0.0
87,UserCF,0.2082936658103318,0.0,0.0,0.2082936658103318,0.0,0.13568544539116628,0.0,0.11004588314904008,0.0
88,none,0.0,0.0,0.0,0.0,0.0,0.0,0.0,0.0,0.0
89,SVD,0.4483039899025303,0.0,0.0,0.13743816645714543,0.0,0.4483039899025303,0.3981471309738322,0.0,0.13743816645714543
90,UserCF,0.2532954041105318,0.0,0.0,0.2532954041105318,0.0,0.09478836436955078,0.0,0.06943122193677727,0.0
91,Hybrid,0.38356636737133565,0.0,0.0,0.0,0.0,0.0,0.252016380211836,0.0,0.38356636737133565
92,NCF,0.1482972305701491,0.09092803061897883,0.0,0.06794340091829075,0.0,0.10122860821230018,0.06794340091829075,0.1482972305701491,0.0
93,none,0.0,0.0,0.0,0.0,0.0,0.0,0.0,0.0,0.0
94,Hybrid,0.6901935063354876,0.1884441521277154,0.0,0.33013764944712026,0.07336392209936005,0.23992089480238082,0.42838543210841196,0.4537425745411855,0.6901935063354876
95,Hybrid,0.11752277470724268,0.0,0.0,0.0,0.0,0.0,0.10122860821230018,0.0,0.11752277470724268
96,Hybrid,0.21398626473452756,0.11305340175787204,0.0,0.0,0.0,0.11305340175787204,0.0,0.0,0.21398626473452756
97,Hybrid,0.644824486427155,0.0,0.0,0.09109240322345806,0.15130120674940672,0.19092086617893467,0.19092086617893467,0.0,0.644824486427155
98,ALS,0.17723928678404774,0.0,0.0,0.0,0.0,0.0,0.17723928678404774,0.0,0.0
99,Hybrid,0.30260241349881345,0.0,0.0,0.0,0.0,0.0,0.09109240322345806,0.0,0.30260241349881345
100,none,0.0,0.0,0.0,0.0,0.0,0.0,0.0,0.0,0.0
101,Hybrid,0.5240185826326421,0.11706259313796354,0.0,0.09109240322345806,0.4034698846650846,0.4935232796777481,0.24738635904833417,0.0,0.5240185826326421
102,none,0.0,0.0,0.0,0.0,0.0,0.0,0.0,0.0,0.0
103,none,0.0,0.0,0.0,0.0,0.0,0.0,0.0,0.0,0.0
104,tie,1.0,1.0,0.0,1.0,1.0,1.0,0.43067655807339306,0.2890648263178879,0.38685280723454163
105,none,0.0,0.0,0.0,0.0,0.0,0.0,0.0,0.0,0.0
106,ALS,0.3391602052736161,0.0,0.0,0.0,0.0,0.0,0.3391602052736161,0.16958010263680806,0.14606834984270645
107,none,0.0,0.0,0.0,0.0,0.0,0.0,0.0,0.0,0.0
108,none,0.0,0.0,0.0,0.0,0.0,0.0,0.0,0.0,0.0
109,ContentBased,0.15958907712489634,0.0,0.15958907712489634,0.0,0.0761433407173835,0.0,0.0,0.0,0.0
110,none,0.0,0.0,0.0,0.0,0.0,0.0,0.0,0.0,0.0
111,none,0.0,0.0,0.0,0.0,0.0,0.0,0.0,0.0,0.0
112,Hybrid,0.448643819352159,0.0,0.0,0.3065735963827292,0.17723928678404774,0.2640681225725909,0.38685280723454163,0.0,0.448643819352159
113,none,0.0,0.0,0.0,0.0,0.0,0.0,0.0,0.0,0.0
114,none,0.0,0.0,0.0,0.0,0.0,0.0,0.0,0.0,0.0
115,UserCF,0.123151194370365,0.0,0.0,0.123151194370365,0.0,0.0,0.0,0.0,0.0
116,none,0.0,0.0,0.0,0.0,0.0,0.0,0.0,0.0,0.0
117,Hybrid,0.6713860725233041,0.16716045496620227,0.0,0.0,0.20210734650054757,0.2960819109658652,0.6364391809889587,0.0,0.6713860725233041
118,Popularity,0.23535109180711322,0.23535109180711322,0.0,0.0,0.0,0.0,0.0,0.0,0.13743816645714543
119,Hybrid,0.2529427027676571,0.0,0.0,0.0843142342558857,0.0,0.0,0.0,0.0,0.2529427027676571
120,none,0.0,0.0,0.0,0.0,0.0,0.0,0.0,0.0,0.0
121,none,0.0,0.0,0.0,0.0,0.0,0.0,0.0,0.0,0.0
122,none,0.0,0.0,0.0,0.0,0.0,0.0,0.0,0.0,0.0
123,Hybrid,0.33775931993299535,0.0,0.0,0.13565197343244778,0.15642624200758548,0.0,0.0,0.0,0.33775931993299535
124,tie,1.0,0.0,0.0,0.0,0.0,0.0,1.0,0.0,1.0
125,none,0.0,0.0,0.0,0.0,0.0,0.0,0.0,0.0,0.0
126,none,0.0,0.0,0.0,0.0,0.0,0.0,0.0,0.0,0.0
127,ContentBased,0.6934264036172708,0.0,0.6934264036172708,0.0,0.20438239758848611,0.0,0.19342640361727081,0.0,0.0
128,ItemCF,0.15743107269979564,0.0,0.0,0.0,0.15743107269979564,0.0,0.0,0.0,0.0
129,none,0.0,0.0,0.0,0.0,0.0,0.0,0.0,0.0,0.0
130,Hybrid,0.3187939258847263,0.2684550357175426,0.0,0.17947710508581735,0.1610425878239398,0.0,0.22009176629808017,0.2835149363066189,0.3187939258847263
131,NCF,0.2960819109658652,0.0,0.0,0.23463936301137822,0.0,0.0,0.0,0.2960819109658652,0.0
132,none,0.0,0.0,0.0,0.0,0.0,0.0,0.0,0.0,0.0
133,none,0.0,0.0,0.0,0.0,0.0,0.0,0.0,0.0,0.0
134,Popularity,0.38685280723454163,0.38685280723454163,0.0,0.0,0.0,0.0,0.0,0.0,0.0
135,none,0.0,0.0,0.0,0.0,0.0,0.0,0.0,0.0,0.0
136,SVD,0.2960819109658652,0.0,0.0,0.0,0.0,0.2960819109658652,0.0,0.0,0.0
137,tie,0.46927872602275644,0.13565197343244778,0.0,0.23463936301137822,0.4632423659320675,0.46927872602275644,0.46927872602275644,0.13565197343244778,0.37590633587120725
138,ALS,0.16958010263680806,0.0,0.0,0.0,0.0,0.0,0.16958010263680806,0.0,0.11305340175787204
139,UserCF,0.6131471927654584,0.18457569677956817,0.0,0.6131471927654584,0.0,0.0,0.0,0.38685280723454163,0.0
140,none,0.0,0.0,0.0,0.0,0.0,0.0,0.0,0.0,0.0
141,UserCF,0.7039180890341347,0.46927872602275644,0.0,0.7039180890341347,0.6257049680303419,0.46927872602275644,0.0,0.0,0.46927872602275644
142,none,0.0,0.0,0.0,0.0,0.0,0.0,0.0,0.0,0.0
143,none,0.0,0.0,0.0,0.0,0.0,0.0,0.0,0.0,0.0
144,ItemCF,0.13886244387355454,0.0,0.0,0.09478836436955078,0.13886244387355454,0.06943122193677727,0.0,0.0,0.0
145,none,0.0,0.0,0.0,0.0,0.0,0.0,0.0,0.0,0.0
146,none,0.0,0.0,0.0,0.0,0.0,0.0,0.0,0.0,0.0
147,ALS,0.17723928678404774,0.0,0.0,0.0,0.0,0.0,0.17723928678404774,0.0,0.0
148,tie,0.3391602052736161,0.21398626473452756,0.0,0.3391602052736161,0.3391602052736161,0.3391602052736161,0.2591217516005785,0.0,0.29039140533630226
149,none,0.0,0.0,0.0,0.0,0.0,0.0,0.0,0.0,0.0
150,ALS,0.3562071871080222,0.0,0.0,0.0,0.0,0.0,0.3562071871080222,0.0,0.0
151,ItemCF,0.09478836436955078,0.0,0.0,0.0,0.09478836436955078,0.0,0.0,0.0,0.0
152,ItemCF,0.4483039899025303,0.0,0.0,0.0,0.4483039899025303,0.3108658234453849,0.27134058233820724,0.13743816645714543,0.38121301394452073
153,Popularity,0.6309297535714575,0.6309297535714575,0.0,0.0,0.0,0.0,0.0,0.0,0.0
154,Hybrid,0.13012668333070054,0.0,0.0,0.11284514134893527,0.11751610475642714,0.0,0.123151194370365,0.0,0.13012668333070054
155,none,0.0,0.0,0.0,0.0,0.0,0.0,0.0,0.0,0.0
156,none,0.0,0.0,0.0,0.0,0.0,0.0,0.0,0.0,0.0
157,none,0.0,0.0,0.0,0.0,0.0,0.0,0.0,0.0,0.0
158,none,0.0,0.0,0.0,0.0,0.0,0.0,0.0,0.0,0.0
159,none,0.0,0.0,0.0,0.0,0.0,0.0,0.0,0.0,0.0
160,SVD,0.09785159463516042,0.0,0.0,0.0,0.0,0.09785159463516042,0.0,0.09010000865236768,0.07979453856244817
161,none,0.0,0.0,0.0,0.0,0.0,0.0,0.0,0.0,0.0
162,ItemCF,0.2640681225725909,0.21840743681816419,0.0,0.21840743681816419,0.2640681225725909,0.18457569677956817,0.0,0.20438239758848611,0.0
163,none,0.0,0.0,0.0,0.0,0.0,0.0,0.0,0.0,0.0
164,Hybrid,0.46927872602275644,0.0,0.1480409554829326,0.0,0.0,0.0,0.0,0.0,0.46927872602275644
165,none,0.0,0.0,0.0,0.0,0.0,0.0,0.0,0.0,0.0
166,none,0.0,0.0,0.0,0.0,0.0,0.0,0.0,0.0,0.0
167,Hybrid,0.10209739512291163,0.0,0.0,0.0,0.0,0.0,0.0,0.0,0.10209739512291163
168,none,0.0,0.0,0.0,0.0,0.0,0.0,0.0,0.0,0.0
169,ItemCF,0.46927872602275644,0.15642624200758548,0.0,0.2960819109658652,0.46927872602275644,0.2960819109658652,0.23463936301137822,0.16716045496620227,0.20210734650054757
170,none,0.0,0.0,0.0,0.0,0.0,0.0,0.0,0.0,0.0
171,none,0.0,0.0,0.0,0.0,0.0,0.0,0.0,0.0,0.0
172,none,0.0,0.0,0.0,0.0,0.0,0.0,0.0,0.0,0.0
173,ALS,0.20210734650054757,0.0,0.0,0.0,0.0,0.0,0.20210734650054757,0.0,0.0
174,Popularity,0.16958010263680806,0.16958010263680806,0.0,0.0,0.0,0.0,0.0,0.0,0.0
175,NCF,0.2640681225725909,0.0,0.0,0.17723928678404774,0.0,0.0,0.0,0.2640681225725909,0.0
176,ALS,0.16716045496620227,0.1480409554829326,0.0,0.0,0.0,0.0,0.16716045496620227,0.0,0.0
177,Hybrid,0.5,0.0,0.0,0.0,0.0,0.0,0.43067655807339306,0.0,0.5
178,NCF,0.22009176629808017,0.11004588314904008,0.0,0.0,0.07839826897867533,0.06625422345438903,0.0,0.22009176629808017,0.08514311764162098
179,tie,1.0,0.0,0.0,0.6309297535714575,1.0,1.0,0.6309297535714575,0.0,0.31546487678572877
180,SVD,0.16958010263680806,0.0,0.0,0.14606834984270645,0.0,0.16958010263680806,0.11305340175787204,0.13120507751234178,0.0
181,ALS,0.38685280723454163,0.0,0.0,0.0,0.23719771276929622,0.0,0.38685280723454163,0.0,0.0
182,none,0.0,0.0,0.0,0.0,0.0,0.0,0.0,0.0,0.0
183,ALS,0.3391602052736161,0.0,0.0,0.1208113026994942,0.16958010263680806,0.16958010263680806,0.3391602052736161,0.10699313236726378,0.0
184,SVD,0.494639655562801,0.0,0.0,0.30523488393970116,0.21726071285222986,0.494639655562801,0.0,0.1487639058405727,0.43735247915031
185,ALS,0.24630238874073,0.0,0.0,0.0,0.0,0.0,0.24630238874073,0.0,0.19519002499605084
186,Hybrid,0.21624063148843983,0.07414861528507455,0.0,0.0,0.10122860821230018,0.0,0.0,0.09092803061897883,0.21624063148843983
187,none,0.0,0.0,0.0,0.0,0.0,0.0,0.0,0.0,0.0
188,SVD,0.10778915452451093,0.09546043308946733,0.0,0.0,0.0,0.10778915452451093,0.0,0.10086747116627115,0.09546043308946733
189,Hybrid,0.07336392209936005,0.0,0.0,0.0,0.0,0.0,0.06943122193677727,0.0,0.07336392209936005
190,none,0.0,0.0,0.0,0.0,0.0,0.0,0.0,0.0,0.0
191,none,0.0,0.0,0.0,0.0,0.0,0.0,0.0,0.0,0.0
192,none,0.0,0.0,0.0,0.0,0.0,0.0,0.0,0.0,0.0
193,Popularity,0.23540784400158446,0.23540784400158446,0.0,0.22432294601898897,0.0843142342558857,0.0,0.0,0.15958907712489634,0.0
194,none,0.0,0.0,0.0,0.0,0.0,0.0,0.0,0.0,0.0
195,none,0.0,0.0,0.0,0.0,0.0,0.0,0.0,0.0,0.0
196,none,0.0,0.0,0.0,0.0,0.0,0.0,0.0,0.0,0.0
197,ContentBased,0.11305340175787204,0.0,0.11305340175787204,0.0,0.0,0.0,0.0,0.0,0.0
198,none,0.0,0.0,0.0,0.0,0.0,0.0,0.0,0.0,0.0
199,none,0.0,0.0,0.0,0.0,0.0,0.0,0.0,0.0,0.0
200,tie,0.13886244387355454,0.0,0.13886244387355454,0.0,0.08514311764162098,0.09478836436955078,0.0,0.0,0.13886244387355454
201,none,0.0,0.0,0.0,0.0,0.0,0.0,0.0,0.0,0.0
202,none,0.0,0.0,0.0,0.0,0.0,0.0,0.0,0.0,0.0
203,none,0.0,0.0,0.0,0.0,0.0,0.0,0.0,0.0,0.0
204,none,0.0,0.0,0.0,0.0,0.0,0.0,0.0,0.0,0.0
205,none,0.0,0.0,0.0,0.0,0.0,0.0,0.0,0.0,0.0
206,tie,0.6131471927654584,0.0,0.0,0.6131471927654584,0.0,0.6131471927654584,0.6131471927654584,0.17723928678404774,0.6131471927654584
207,NCF,0.2489083270225946,0.06362078819895171,0.0,0.06362078819895171,0.0,0.07336392209936005,0.23365080824310533,0.2489083270225946,0.22400556151517553
208,ItemCF,0.21840743681816419,0.0,0.0,0.0,0.21840743681816419,0.0,0.0,0.0,0.0
209,none,0.0,0.0,0.0,0.0,0.0,0.0,0.0,0.0,0.0
210,none,0.0,0.0,0.0,0.0,0.0,0.0,0.0,0.0,0.0
211,none,0.0,0.0,0.0,0.0,0.0,0.0,0.0,0.0,0.0
212,tie,0.18457569677956817,0.0,0.0,0.0,0.0,0.18457569677956817,0.18457569677956817,0.0,0.0
213,ALS,0.33013764944712026,0.17947710508581735,0.0,0.22466337602289155,0.07336392209936005,0.14201905717762703,0.33013764944712026,0.0,0.2710884709729799
214,NCF,0.6235744328990731,0.1635413866202963,0.0,0.40350157154648025,0.08514311764162098,0.38363315291837646,0.43735247915031,0.6235744328990731,0.31488013066763093
215,none,0.0,0.0,0.0,0.0,0.0,0.0,0.0,0.0,0.0
216,Hybrid,0.24618570546556082,0.06362078819895171,0.0,0.0,0.0,0.0,0.06625422345438903,0.23365080824310533,0.24618570546556082
217,none,0.0,0.0,0.0,0.0,0.0,0.0,0.0,0.0,0.0
218,SVD,0.38685280723454163,0.0,0.0,0.0,0.0,0.38685280723454163,0.0,0.0,0.0
219,none,0.0,0.0,0.0,0.0,0.0,0.0,0.0,0.0,0.0
220,UserCF,0.31546487678572877,0.0,0.0,0.31546487678572877,0.0,0.0,0.0,0.0,0.0
221,Popularity,0.27487633291429087,0.27487633291429087,0.0,0.0,0.0,0.09162544430476362,0.0,0.0979129253499678,0.0
222,Popularity,0.26582000527739175,0.26582000527739175,0.0,0.1482972305701491,0.0,0.0,0.0,0.23504554941448536,0.1482972305701491
223,ItemCF,0.1604575749732692,0.0,0.0,0.0,0.1604575749732692,0.07979453856244817,0.0,0.09785159463516042,0.0
224,Hybrid,0.3903800499921017,0.0,0.0,0.0,0.0,0.0,0.2638647595767405,0.0,0.3903800499921017
225,none,0.0,0.0,0.0,0.0,0.0,0.0,0.0,0.0,0.0
226,none,0.0,0.0,0.0,0.0,0.0,0.0,0.0,0.0,0.0
227,ItemCF,0.17723928678404774,0.0,0.0,0.0,0.17723928678404774,0.0,0.0,0.0,0.0
228,none,0.0,0.0,0.0,0.0,0.0,0.0,0.0,0.0,0.0
229,UserCF,0.2960819109658652,0.20210734650054757,0.0,0.2960819109658652,0.0,0.18154179253735267,0.23463936301137822,0.0,0.13565197343244778
230,Popularity,0.3615901614084106,0.3615901614084106,0.0,0.0,0.0979129253499678,0.0,0.0,0.11838279295536291,0.0
231,none,0.0,0.0,0.0,0.0,0.0,0.0,0.0,0.0,0.0
232,none,0.0,0.0,0.0,0.0,0.0,0.0,0.0,0.0,0.0
233,NCF,0.3029889503327761,0.0,0.0,0.0,0.06794340091829075,0.0,0.0,0.3029889503327761,0.0
234,Hybrid,0.09162544430476362,0.0,0.0,0.0,0.0,0.0,0.07945707943276742,0.0,0.09162544430476362
235,ContentBased,0.09785159463516042,0.0,0.09785159463516042,0.0,0.0,0.0,0.0,0.0,0.0
236,UserCF,0.23463936301137822,0.1480409554829326,0.0,0.23463936301137822,0.0,0.0,0.0,0.0,0.0
237,Hybrid,0.312706129752478,0.11751610475642714,0.0,0.13012668333070054,0.123151194370365,0.15101961822780524,0.29127873064148246,0.2856436410275446,0.312706129752478
238,none,0.0,0.0,0.0,0.0,0.0,0.0,0.0,0.0,0.0
239,NCF,0.1610425878239398,0.0,0.0,0.09478836436955078,0.0,0.0,0.0,0.1610425878239398,0.0
240,none,0.0,0.0,0.0,0.0,0.0,0.0,0.0,0.0,0.0
241,none,0.0,0.0,0.0,0.0,0.0,0.0,0.0,0.0,0.0
242,none,0.0,0.0,0.0,0.0,0.0,0.0,0.0,0.0,0.0
243,Hybrid,0.32908604348504067,0.0,0.0,0.22432294601898897,0.2393836156873445,0.09785159463516042,0.15958907712489634,0.0,0.32908604348504067
244,none,0.0,0.0,0.0,0.0,0.0,0.0,0.0,0.0,0.0
245,none,0.0,0.0,0.0,0.0,0.0,0.0,0.0,0.0,0.0
246,none,0.0,0.0,0.0,0.0,0.0,0.0,0.0,0.0,0.0
247,none,0.0,0.0,0.0,0.0,0.0,0.0,0.0,0.0,0.0
248,Popularity,0.17723928678404774,0.17723928678404774,0.0,0.0,0.0,0.0,0.0,0.0,0.0
249,Hybrid,0.17630010660342912,0.0,0.0,0.1731866333482261,0.0,0.0,0.11004588314904008,0.06625422345438903,0.17630010660342912
250,Hybrid,0.22009176629808017,0.13886244387355454,0.0,0.0,0.07839826897867533,0.06943122193677727,0.11004588314904008,0.0,0.22009176629808017
251,Hybrid,0.38268031849431083,0.16716045496620227,0.0,0.0,0.0,0.0,0.0,0.0,0.38268031849431083
252,ALS,0.6131471927654584,0.0,0.0,0.19342640361727081,0.0,0.0,0.6131471927654584,0.0,0.19342640361727081
253,none,0.0,0.0,0.0,0.0,0.0,0.0,0.0,0.0,0.0
254,SVD,0.2528969231297844,0.1482972305701491,0.0,0.10122860821230018,0.23504554941448536,0.2528969231297844,0.1482972305701491,0.06794340091829075,0.1482972305701491
255,none,0.0,0.0,0.0,0.0,0.0,0.0,0.0,0.0,0.0
256,none,0.0,0.0,0.0,0.0,0.0,0.0,0.0,0.0,0.0
257,NCF,0.24630238874073,0.0,0.0,0.16812753627111746,0.0,0.0,0.0,0.24630238874073,0.0
258,Hybrid,0.31546487678572877,0.0,0.0,0.0,0.0,0.0,0.0,0.0,0.31546487678572877
259,none,0.0,0.0,0.0,0.0,0.0,0.0,0.0,0.0,0.0
260,Hybrid,0.2640681225725909,0.0,0.0,0.0,0.0,0.0,0.23719771276929622,0.0,0.2640681225725909
261,none,0.0,0.0,0.0,0.0,0.0,0.0,0.0,0.0,0.0
262,none,0.0,0.0,0.0,0.0,0.0,0.0,0.0,0.0,0.0
263,Hybrid,0.305801310135566,0.23504554941448536,0.0,0.1482972305701491,0.07075576072108061,0.0,0.11752277470724268,0.23504554941448536,0.305801310135566
264,ALS,0.25961479091060796,0.0,0.1795771246837953,0.0,0.0,0.07414861528507455,0.25961479091060796,0.0,0.23504554941448536
265,Hybrid,0.5585075862632192,0.0,0.0,0.19519002499605084,0.19519002499605084,0.3903800499921017,0.32531670832675136,0.0,0.5585075862632192
266,ItemCF,0.2890648263178879,0.0,0.0,0.0,0.2890648263178879,0.0,0.0,0.0,0.0
267,Popularity,0.42257499837058643,0.42257499837058643,0.0,0.41528076708874123,0.28762634971412726,0.2489083270225946,0.31280477890197517,0.3714891073940902,0.31204907722178066
268,Hybrid,0.5442213638169618,0.11004588314904008,0.0,0.40067051810063,0.07336392209936005,0.36211082347570717,0.17993148201117176,0.0,0.5442213638169618
269,Hybrid,0.5224955967919311,0.07336392209936005,0.0,0.48471198902551854,0.06625422345438903,0.1610425878239398,0.2735872697693364,0.20483424751859086,0.5224955967919311
270,ItemCF,0.11004588314904008,0.0,0.0,0.0,0.11004588314904008,0.0,0.0,0.0,0.0
271,UserCF,0.11752277470724268,0.0,0.0,0.11752277470724268,0.08372491399919346,0.0,0.0,0.10122860821230018,0.07414861528507455
272,UserCF,0.19519002499605084,0.0,0.0,0.19519002499605084,0.0,0.0,0.123151194370365,0.15101961822780524,0.0
273,ALS,0.3562071871080222,0.0,0.0,0.0,0.0,0.0,0.3562071871080222,0.0,0.3333333333333333
274,none,0.0,0.0,0.0,0.0,0.0,0.0,0.0,0.0,0.0
275,ALS,0.41443699955334395,0.0,0.0,0.0,0.21840743681816419,0.0,0.41443699955334395,0.0,0.0
276,ALS,0.5224955967919311,0.3436966913921454,0.0,0.15176219107803537,0.1884441521277154,0.2051166673279436,0.5224955967919311,0.40853591842579556,0.47010174003740723
277,Hybrid,0.4580939004085911,0.3391602052736161,0.0,0.10209739512291163,0.10699313236726378,0.0,0.2826335043946801,0.10209739512291163,0.4580939004085911
278,NCF,0.2640681225725909,0.0,0.0,0.0,0.0,0.21840743681816419,0.18457569677956817,0.2640681225725909,0.0
279,ALS,0.23440650992329987,0.08514311764162098,0.0,0.08514311764162098,0.11004588314904008,0.0,0.23440650992329987,0.0,0.13886244387355454
280,NCF,0.2934556883974402,0.17993148201117176,0.0,0.13886244387355454,0.11004588314904008,0.0,0.22009176629808017,0.2934556883974402,0.11004588314904008
281,none,0.0,0.0,0.0,0.0,0.0,0.0,0.0,0.0,0.0
282,none,0.0,0.0,0.0,0.0,0.0,0.0,0.0,0.0,0.0
283,Hybrid,0.1208113026994942,0.0,0.0,0.0,0.0,0.0,0.0,0.0,0.1208113026994942
284,none,0.0,0.0,0.0,0.0,0.0,0.0,0.0,0.0,0.0
285,none,0.0,0.0,0.0,0.0,0.0,0.0,0.0,0.0,0.0
286,ALS,0.2489083270225946,0.08514311764162098,0.0,0.08514311764162098,0.06362078819895171,0.0,0.2489083270225946,0.07336392209936005,0.20483424751859086
287,NCF,0.36005461457723403,0.3391602052736161,0.1208113026994942,0.3391602052736161,0.0,0.0,0.16958010263680806,0.36005461457723403,0.3391602052736161
288,ItemCF,0.34519134224686937,0.0,0.0,0.13120507751234178,0.34519134224686937,0.0,0.2001366809542687,0.13120507751234178,0.2442584792702138
289,none,0.0,0.0,0.0,0.0,0.0,0.0,0.0,0.0,0.0
290,none,0.0,0.0,0.0,0.0,0.0,0.0,0.0,0.0,0.0
291,SVD,0.12987501165334076,0.0,0.0,0.0,0.0,0.12987501165334076,0.0,0.0,0.09478836436955078
292,tie,0.22009176629808017,0.0,0.22009176629808017,0.07839826897867533,0.22009176629808017,0.0,0.0,0.0,0.0
293,none,0.0,0.0,0.0,0.0,0.0,0.0,0.0,0.0,0.0
294,NCF,0.22924436334369883,0.1208113026994942,0.13120507751234178,0.0,0.0,0.0,0.0,0.22924436334369883,0.0
295,Hybrid,0.3589542101716347,0.0,0.0,0.15139734109601002,0.22009176629808017,0.13886244387355454,0.09478836436955078,0.06943122193677727,0.3589542101716347
296,tie,0.30523488393970116,0.30523488393970116,0.0,0.2489083270225946,0.30523488393970116,0.0,0.06362078819895171,0.20827328063201608,0.28762634971412726
297,Hybrid,0.1610425878239398,0.07839826897867533,0.0,0.0,0.11004588314904008,0.0,0.0,0.13698471029831175,0.1610425878239398
298,none,0.0,0.0,0.0,0.0,0.0,0.0,0.0,0.0,0.0
299,Popularity,0.09785159463516042,0.09785159463516042,0.0,0.0,0.0,0.0,0.0,0.0,0.0
300,Hybrid,0.21840743681816419,0.0,0.0,0.0,0.0,0.0,0.0,0.0,0.21840743681816419
301,none,0.0,0.0,0.0,0.0,0.0,0.0,0.0,0.0,0.0
302,none,0.0,0.0,0.0,0.0,0.0,0.0,0.0,0.0,0.0
303,SVD,0.3125291152215463,0.13886244387355454,0.0,0.11004588314904008,0.0,0.3125291152215463,0.0,0.0,0.0
304,none,0.0,0.0,0.0,0.0,0.0,0.0,0.0,0.0,0.0
305,none,0.0,0.0,0.0,0.0,0.0,0.0,0.0,0.0,0.0
306,none,0.0,0.0,0.0,0.0,0.0,0.0,0.0,0.0,0.0
307,tie,0.19092086617893467,0.0874717141014082,0.0,0.0,0.0,0.0,0.0,0.19092086617893467,0.19092086617893467
308,Hybrid,0.13886244387355454,0.07336392209936005,0.0,0.0,0.0,0.06943122193677727,0.0,0.0,0.13886244387355454
309,none,0.0,0.0,0.0,0.0,0.0,0.0,0.0,0.0,0.0
310,Hybrid,1.0,0.0,0.0,0.0,0.0,0.0,0.43067655807339306,0.0,1.0
311,UserCF,0.4537425745411855,0.31561692740233804,0.0,0.4537425745411855,0.28997736516021183,0.2489083270225946,0.36211082347570717,0.13568544539116628,0.31488013066763093
312,ALS,0.36211082347570717,0.0,0.0,0.2532954041105318,0.27191445400928355,0.13886244387355454,0.36211082347570717,0.07336392209936005,0.2941924851321473
313,none,0.0,0.0,0.0,0.0,0.0,0.0,0.0,0.0,0.0
314,Hybrid,0.11004588314904008,0.0,0.0,0.0,0.0,0.0,0.09478836436955078,0.0,0.11004588314904008
315,none,0.0,0.0,0.0,0.0,0.0,0.0,0.0,0.0,0.0
316,ItemCF,0.24816574496561808,0.0,0.0,0.10699313236726378,0.24816574496561808,0.0,0.1208113026994942,0.10209739512291163,0.21398626473452756
317,Hybrid,0.2890648263178879,0.0,0.0,0.0,0.0,0.0,0.0,0.0,0.2890648263178879
318,Hybrid,0.15958907712489634,0.0,0.0,0.0,0.0,0.07979453856244817,0.12647135138382856,0.0,0.15958907712489634
319,none,0.0,0.0,0.0,0.0,0.0,0.0,0.0,0.0,0.0
320,ALS,0.07839826897867533,0.0,0.0,0.06362078819895171,0.0,0.0,0.07839826897867533,0.0,0.0
321,UserCF,0.09803928583135704,0.0,0.0,0.09803928583135704,0.0,0.0,0.0,0.0,0.0
322,NCF,0.7809509050749017,0.3391602052736161,0.0,0.4912596920895758,0.13120507751234178,0.38356636737133565,0.1208113026994942,0.7809509050749017,0.16958010263680806
323,UserCF,0.361879195385413,0.10893649261775588,0.0,0.361879195385413,0.2529427027676571,0.22432294601898897,0.19903650127012357,0.2393836156873445,0.0
324,Hybrid,0.0874717141014082,0.0,0.0,0.0,0.0,0.0,0.0,0.0,0.0874717141014082
325,none,0.0,0.0,0.0,0.0,0.0,0.0,0.0,0.0,0.0
326,ItemCF,0.5205067333228022,0.0,0.0,0.123151194370365,0.5205067333228022,0.0,0.0,0.0,0.0
327,ItemCF,0.06943122193677727,0.06625422345438903,0.0,0.0,0.06943122193677727,0.0,0.0,0.0,0.0
328,Hybrid,0.4537425745411855,0.07336392209936005,0.0,0.06625422345438903,0.14279514403613733,0.13568544539116628,0.3589542101716347,0.33013764944712026,0.4537425745411855
329,none,0.0,0.0,0.0,0.0,0.0,0.0,0.0,0.0,0.0
330,ItemCF,0.3932783996463063,0.0,0.0,0.07336392209936005,0.3932783996463063,0.0,0.0,0.0,0.13886244387355454
331,UserCF,0.11838279295536291,0.0,0.0,0.11838279295536291,0.0,0.0,0.0,0.08274602130532002,0.0
332,Hybrid,0.22009176629808017,0.0,0.0,0.0,0.0,0.0,0.13886244387355454,0.09478836436955078,0.22009176629808017
333,ALS,1.0,0.6309297535714575,0.0,0.0,0.0,0.0,1.0,0.38685280723454163,0.0
334,Hybrid,0.4124497136428909,0.11004588314904008,0.0,0.40002324830925196,0.09478836436955078,0.40853591842579556,0.20483424751859086,0.3436966913921454,0.4124497136428909
335,none,0.0,0.0,0.0,0.0,0.0,0.0,0.0,0.0,0.0
336,SVD,0.15101961822780524,0.13905617951077562,0.0,0.0,0.0,0.15101961822780524,0.0,0.0,0.0
337,none,0.0,0.0,0.0,0.0,0.0,0.0,0.0,0.0,0.0
338,ALS,0.4483039899025303,0.0,0.0,0.10633668103022985,0.27487633291429087,0.17342765698823945,0.4483039899025303,0.0,0.27487633291429087
339,Hybrid,0.2529427027676571,0.0,0.0,0.15958907712489634,0.07979453856244817,0.0,0.10893649261775588,0.09010000865236768,0.2529427027676571
340,none,0.0,0.0,0.0,0.0,0.0,0.0,0.0,0.0,0.0
341,none,0.0,0.0,0.0,0.0,0.0,0.0,0.0,0.0,0.0
342,ALS,0.15139734109601002,0.0,0.0,0.0,0.0,0.0,0.15139734109601002,0.0,0.07839826897867533
343,ALS,0.388244052766991,0.0,0.0,0.22009176629808017,0.14465249243306436,0.0,0.388244052766991,0.13698471029831175,0.0
344,tie,0.22009176629808017,0.11004588314904008,0.0,0.22009176629808017,0.06625422345438903,0.17947710508581735,0.0,0.22009176629808017,0.0
345,none,0.0,0.0,0.0,0.0,0.0,0.0,0.0,0.0,0.0
346,ALS,0.3929190786987533,0.0,0.07414861528507455,0.09092803061897883,0.2691910896247269,0.21624063148843983,0.3929190786987533,0.0,0.3841498266070611
347,ItemCF,0.3029889503327761,0.0,0.0,0.09092803061897883,0.3029889503327761,0.07075576072108061,0.0,0.0,0.09092803061897883
348,none,0.0,0.0,0.0,0.0,0.0,0.0,0.0,0.0,0.0
349,Hybrid,0.7598336331031966,0.24630238874073,0.0,0.3764290720714305,0.0,0.15101961822780524,0.44149241373678083,0.13012668333070054,0.7598336331031966
350,ALS,0.5543110021543998,0.10699313236726378,0.0,0.4599715079731103,0.5531464700081437,0.3347975674340217,0.5543110021543998,0.29039140533630226,0.38356636737133565
351,UserCF,0.19519002499605084,0.0,0.0,0.19519002499605084,0.15101961822780524,0.15101961822780524,0.15101961822780524,0.0,0.13012668333070054
352,ItemCF,0.6131471927654584,0.0,0.0,0.0,0.6131471927654584,0.0,0.0,0.0,0.0
353,ALS,0.4415801103577823,0.0,0.0,0.21840743681816419,0.3065735963827292,0.21840743681816419,0.4415801103577823,0.0,0.21840743681816419
354,none,0.0,0.0,0.0,0.0,0.0,0.0,0.0,0.0,0.0
355,none,0.0,0.0,0.0,0.0,0.0,0.0,0.0,0.0,0.0
356,ALS,0.23719771276929622,0.0,0.0,0.0,0.0,0.0,0.23719771276929622,0.0,0.0
357,none,0.0,0.0,0.0,0.0,0.0,0.0,0.0,0.0,0.0
358,UserCF,0.2640681225725909,0.0,0.0,0.2640681225725909,0.0,0.0,0.0,0.23719771276929622,0.0
359,none,0.0,0.0,0.0,0.0,0.0,0.0,0.0,0.0,0.0
360,Popularity,0.15743107269979564,0.15743107269979564,0.0,0.12647135138382856,0.07979453856244817,0.12647135138382856,0.0,0.09010000865236768,0.0
361,tie,0.2529427027676571,0.2529427027676571,0.0,0.0,0.0,0.0,0.0,0.2529427027676571,0.0
362,none,0.0,0.0,0.0,0.0,0.0,0.0,0.0,0.0,0.0
363,ALS,0.09478836436955078,0.0,0.0,0.0,0.0,0.0,0.09478836436955078,0.0,0.0
364,none,0.0,0.0,0.0,0.0,0.0,0.0,0.0,0.0,0.0
365,none,0.0,0.0,0.0,0.0,0.0,0.0,0.0,0.0,0.0
366,ALS,0.3562071871080222,0.0,0.0,0.0,0.0,0.0,0.3562071871080222,0.0,0.31546487678572877
367,ALS,0.6552438651310554,0.0,0.0,0.3391602052736161,0.3391602052736161,0.3391602052736161,0.6552438651310554,0.0,0.10699313236726378
368,ALS,0.9325210919548239,0.6105456988825855,0.0,0.4367467095119258,0.0,0.16716045496620227,0.9325210919548239,0.46927872602275644,0.20210734650054757
369,none,0.0,0.0,0.0,0.0,0.0,0.0,0.0,0.0,0.0
370,none,0.0,0.0,0.0,0.0,0.0,0.0,0.0,0.0,0.0
371,ItemCF,0.6049306994552042,0.0,0.0,0.0,0.6049306994552042,0.0,0.0,0.0,0.0
372,none,0.0,0.0,0.0,0.0,0.0,0.0,0.0,0.0,0.0
373,ALS,0.09162544430476362,0.0,0.0,0.0,0.0,0.0,0.09162544430476362,0.0,0.0
374,ALS,0.22082856303278728,0.11004588314904008,0.0,0.0,0.1731866333482261,0.0,0.22082856303278728,0.0,0.07336392209936005
375,none,0.0,0.0,0.0,0.0,0.0,0.0,0.0,0.0,0.0
376,none,0.0,0.0,0.0,0.0,0.0,0.0,0.0,0.0,0.0
377,none,0.0,0.0,0.0,0.0,0.0,0.0,0.0,0.0,0.0
378,Popularity,0.5771493379489847,0.5771493379489847,0.0,0.11004588314904008,0.15139734109601002,0.1884441521277154,0.4440973278132557,0.382414714083678,0.2758471541718663
379,Hybrid,0.22009176629808017,0.08514311764162098,0.0,0.14465249243306436,0.1478294909154526,0.0,0.13886244387355454,0.06362078819895171,0.22009176629808017
380,none,0.0,0.0,0.0,0.0,0.0,0.0,0.0,0.0,0.0
381,Popularity,0.14606834984270645,0.14606834984270645,0.0,0.0,0.0,0.0,0.0,0.0,0.0
382,none,0.0,0.0,0.0,0.0,0.0,0.0,0.0,0.0,0.0
383,ItemCF,0.36650177721905447,0.0,0.0,0.17108252373753102,0.36650177721905447,0.26014148548235916,0.13743816645714543,0.08274602130532002,0.11838279295536291
384,Hybrid,0.3706656904013186,0.0,0.0,0.0,0.0,0.0,0.0,0.0,0.3706656904013186
385,Hybrid,0.30523488393970116,0.0,0.0,0.2489083270225946,0.0,0.2489083270225946,0.23365080824310533,0.06362078819895171,0.30523488393970116
386,none,0.0,0.0,0.0,0.0,0.0,0.0,0.0,0.0,0.0
387,Hybrid,0.8521705090845474,0.22009176629808017,0.0,0.5384313152574521,0.37185395737611554,0.13886244387355454,0.30701473034246535,0.23365080824310533,0.8521705090845474
388,Hybrid,0.3903800499921017,0.0,0.0,0.0,0.0,0.11751610475642714,0.0,0.0,0.3903800499921017
389,ItemCF,0.10778915452451093,0.0,0.0,0.0,0.10778915452451093,0.0,0.0,0.0,0.10086747116627115
390,Hybrid,0.38685280723454163,0.0,0.0,0.0,0.0,0.0,0.21840743681816419,0.0,0.38685280723454163
391,none,0.0,0.0,0.0,0.0,0.0,0.0,0.0,0.0,0.0
392,tie,0.07834851647149511,0.0,0.0,0.0,0.0,0.0,0.0,0.07834851647149511,0.07834851647149511
393,ALS,0.12987501165334076,0.06362078819895171,0.0,0.0,0.0,0.11004588314904008,0.12987501165334076,0.09478836436955078,0.06943122193677727
394,Hybrid,0.4104227729118601,0.37994992542064054,0.0,0.31339406588598046,0.31339406588598046,0.09092803061897883,0.1482972305701491,0.35256832412172806,0.4104227729118601
395,none,0.0,0.0,0.0,0.0,0.0,0.0,0.0,0.0,0.0
396,none,0.0,0.0,0.0,0.0,0.0,0.0,0.0,0.0,0.0
397,NCF,0.361879195385413,0.0,0.0,0.07311683844390994,0.0,0.07979453856244817,0.0,0.361879195385413,0.15958907712489634
398,SVD,0.0979129253499678,0.0,0.0,0.08671382849411972,0.08274602130532002,0.0979129253499678,0.0,0.0,0.0
399,none,0.0,0.0,0.0,0.0,0.0,0.0,0.0,0.0,0.0
400,none,0.0,0.0,0.0,0.0,0.0,0.0,0.0,0.0,0.0
401,Hybrid,0.27487633291429087,0.08274602130532002,0.0,0.0,0.13743816645714543,0.09162544430476362,0.0,0.0,0.27487633291429087
402,none,0.0,0.0,0.0,0.0,0.0,0.0,0.0,0.0,0.0
403,none,0.0,0.0,0.0,0.0,0.0,0.0,0.0,0.0,0.0
404,none,0.0,0.0,0.0,0.0,0.0,0.0,0.0,0.0,0.0
405,Hybrid,0.3010299956639812,0.0,0.0,0.0,0.0,0.0,0.0,0.0,0.3010299956639812
406,UserCF,0.43231813227099475,0.0,0.08514311764162098,0.43231813227099475,0.1584091525685025,0.1731866333482261,0.16421958630632802,0.15176219107803537,0.11004588314904008
407,Popularity,0.48471198902551854,0.48471198902551854,0.0,0.08514311764162098,0.0,0.31516255047698366,0.33013764944712026,0.22009176629808017,0.30523488393970116
408,ALS,0.43067655807339306,0.0,0.0,0.0,0.0,0.0,0.43067655807339306,0.0,0.2890648263178879
409,ALS,0.06625422345438903,0.0,0.0,0.06362078819895171,0.0,0.0,0.06625422345438903,0.0,0.0
410,none,0.0,0.0,0.0,0.0,0.0,0.0,0.0,0.0,0.0
411,Hybrid,0.13120507751234178,0.0,0.0,0.09803928583135704,0.0,0.09803928583135704,0.09803928583135704,0.09803928583135704,0.13120507751234178
412,Hybrid,0.15642624200758548,0.0,0.0,0.0,0.13565197343244778,0.13565197343244778,0.0,0.0,0.15642624200758548
413,Hybrid,0.3065735963827292,0.18457569677956817,0.18457569677956817,0.0,0.0,0.23719771276929622,0.23719771276929622,0.0,0.3065735963827292
414,Popularity,0.38685280723454163,0.38685280723454163,0.0,0.18457569677956817,0.0,0.0,0.0,0.21840743681816419,0.0
415,Hybrid,0.31546487678572877,0.0,0.0,0.0,0.0,0.0,0.0,0.0,0.31546487678572877
416,NCF,0.7280855459907165,0.6442227883107535,0.08514311764162098,0.6371523797895856,0.5672274908036508,0.30523488393970116,0.6364741801035539,0.7280855459907165,0.727329844310522
417,none,0.0,0.0,0.0,0.0,0.0,0.0,0.0,0.0,0.0
418,tie,1.0,0.3562071871080222,0.0,0.3333333333333333,0.3562071871080222,1.0,1.0,0.0,1.0
419,tie,0.46927872602275644,0.46927872602275644,0.0,0.1480409554829326,0.0,0.2960819109658652,0.46927872602275644,0.0,0.0
420,none,0.0,0.0,0.0,0.0,0.0,0.0,0.0,0.0,0.0
421,UserCF,0.3903800499921017,0.11284514134893527,0.0,0.3903800499921017,0.19519002499605084,0.11751610475642714,0.13905617951077562,0.15101961822780524,0.13905617951077562
422,none,0.0,0.0,0.0,0.0,0.0,0.0,0.0,0.0,0.0
423,none,0.0,0.0,0.0,0.0,0.0,0.0,0.0,0.0,0.0
424,Hybrid,0.2960819109658652,0.0,0.0,0.0,0.0,0.23463936301137822,0.0,0.0,0.2960819109658652
425,ItemCF,0.30260241349881345,0.29178833734520576,0.0,0.19526086862591913,0.30260241349881345,0.0,0.0874717141014082,0.10086747116627115,0.0
426,ItemCF,0.3422220729283414,0.0,0.0,0.0874717141014082,0.3422220729283414,0.0874717141014082,0.27839258028034286,0.0,0.2961283397921903
427,none,0.0,0.0,0.0,0.0,0.0,0.0,0.0,0.0,0.0
428,tie,0.6131471927654584,0.0,0.0,0.38685280723454163,0.6131471927654584,0.6131471927654584,0.38685280723454163,0.0,0.3065735963827292
429,ALS,0.702728403557943,0.39531446128815884,0.0,0.6086182388744239,0.3963918729015093,0.5199967979955745,0.702728403557943,0.31516255047698366,0.6901935063354876
430,none,0.0,0.0,0.0,0.0,0.0,0.0,0.0,0.0,0.0
431,none,0.0,0.0,0.0,0.0,0.0,0.0,0.0,0.0,0.0
432,Hybrid,0.6508205185601091,0.46927872602275644,0.0,0.2960819109658652,0.18154179253735267,0.15642624200758548,0.431733884398313,0.0,0.6508205185601091
433,Hybrid,0.13565197343244778,0.0,0.0,0.0,0.0,0.0,0.0,0.0,0.13565197343244778
434,Hybrid,0.3065735963827292,0.0,0.0,0.0,0.21840743681816419,0.0,0.23719771276929622,0.0,0.3065735963827292
435,NCF,0.23504554941448536,0.19167138999231723,0.0,0.0,0.0,0.11752277470724268,0.0,0.23504554941448536,0.0
436,SVD,0.19519002499605084,0.0,0.0,0.0,0.0,0.19519002499605084,0.0,0.0,0.0
437,SVD,0.22009176629808017,0.06362078819895171,0.0,0.08514311764162098,0.09478836436955078,0.22009176629808017,0.20483424751859086,0.0,0.19518900079066107
438,none,0.0,0.0,0.0,0.0,0.0,0.0,0.0,0.0,0.0
439,none,0.0,0.0,0.0,0.0,0.0,0.0,0.0,0.0,0.0
440,none,0.0,0.0,0.0,0.0,0.0,0.0,0.0,0.0,0.0
441,none,0.0,0.0,0.0,0.0,0.0,0.0,0.0,0.0,0.0
442,none,0.0,0.0,0.0,0.0,0.0,0.0,0.0,0.0,0.0
443,none,0.0,0.0,0.0,0.0,0.0,0.0,0.0,0.0,0.0
444,none,0.0,0.0,0.0,0.0,0.0,0.0,0.0,0.0,0.0
445,Popularity,0.24618570546556082,0.24618570546556082,0.0,0.1884441521277154,0.22009176629808017,0.22400556151517553,0.22009176629808017,0.17630010660342912,0.13568544539116628
446,none,0.0,0.0,0.0,0.0,0.0,0.0,0.0,0.0,0.0
447,ItemCF,0.20626588994627673,0.12647135138382856,0.15958907712489634,0.0,0.20626588994627673,0.0,0.0,0.0,0.07979453856244817
448,none,0.0,0.0,0.0,0.0,0.0,0.0,0.0,0.0,0.0
449,none,0.0,0.0,0.0,0.0,0.0,0.0,0.0,0.0,0.0
450,Hybrid,0.4440973278132557,0.30523488393970116,0.0,0.2863459897524692,0.15850703974098102,0.0,0.4131279133289227,0.2489083270225946,0.4440973278132557
451,none,0.0,0.0,0.0,0.0,0.0,0.0,0.0,0.0,0.0
452,NCF,0.15249713175656968,0.0,0.0,0.11752277470724268,0.0,0.07414861528507455,0.0,0.15249713175656968,0.0
453,none,0.0,0.0,0.0,0.0,0.0,0.0,0.0,0.0,0.0
454,ItemCF,0.6589157729763341,0.0,0.0,0.11751610475642714,0.6589157729763341,0.0,0.19519002499605084,0.0,0.3903800499921017
455,Hybrid,0.2797643380184693,0.11838279295536291,0.0,0.0,0.0,0.09162544430476362,0.0,0.27487633291429087,0.2797643380184693
456,Popularity,0.30260241349881345,0.30260241349881345,0.0,0.0,0.0,0.0,0.0,0.0,0.11706259313796354
457,Hybrid,0.5423640154200349,0.35359815335916356,0.0,0.4537425745411855,0.5271064966405455,0.31488013066763093,0.49435723575344825,0.23365080824310533,0.5423640154200349
458,SVD,0.2489083270225946,0.0,0.0,0.11004588314904008,0.22009176629808017,0.2489083270225946,0.08514311764162098,0.07336392209936005,0.19518900079066107
459,UserCF,0.4371994911049732,0.36005461457723403,0.0,0.4371994911049732,0.3391602052736161,0.14606834984270645,0.0,0.30078518014914984,0.0
460,UserCF,0.6049306994552042,0.0,0.0,0.6049306994552042,0.1480409554829326,0.0,0.18154179253735267,0.0,0.0
461,none,0.0,0.0,0.0,0.0,0.0,0.0,0.0,0.0,0.0
462,none,0.0,0.0,0.0,0.0,0.0,0.0,0.0,0.0,0.0
463,NCF,1.0,0.8315546295836225,0.0,0.38685280723454163,0.0,0.0,0.0,1.0,0.6131471927654584
464,NCF,0.09803928583135704,0.0,0.0,0.0,0.0,0.0,0.0,0.09803928583135704,0.0
465,none,0.0,0.0,0.0,0.0,0.0,0.0,0.0,0.0,0.0
466,NCF,0.17723928678404774,0.0,0.0,0.0,0.0,0.0,0.0,0.17723928678404774,0.0
467,Popularity,0.3065735963827292,0.3065735963827292,0.0,0.0,0.0,0.0,0.0,0.0,0.18457569677956817
468,tie,0.22009176629808017,0.0,0.0,0.06362078819895171,0.22009176629808017,0.22009176629808017,0.0,0.08514311764162098,0.11004588314904008
469,NCF,0.24630238874073,0.0,0.0,0.16812753627111746,0.0,0.0,0.0,0.24630238874073,0.0
470,Popularity,1.0,1.0,0.0,0.6309297535714575,0.6309297535714575,0.6309297535714575,0.6309297535714575,0.0,0.0
471,none,0.0,0.0,0.0,0.0,0.0,0.0,0.0,0.0,0.0
472,Hybrid,0.6569815082938864,0.49276192198755814,0.22009176629808017,0.6175852859163219,0.48571574856977245,0.29727159644205703,0.39356081945565896,0.3321737110889728,0.6569815082938864
473,none,0.0,0.0,0.0,0.0,0.0,0.0,0.0,0.0,0.0
474,Hybrid,0.539641393863001,0.11004588314904008,0.0,0.20641593223508903,0.3589542101716347,0.15176219107803537,0.39767223286316733,0.22716217481924803,0.539641393863001
475,ALS,0.3065735963827292,0.0,0.0,0.0,0.0,0.0,0.3065735963827292,0.0,0.0
476,SVD,0.24630238874073,0.13012668333070054,0.0,0.0,0.0,0.24630238874073,0.16812753627111746,0.0,0.0
477,none,0.0,0.0,0.0,0.0,0.0,0.0,0.0,0.0,0.0
478,SVD,0.13905617951077562,0.0,0.0,0.0,0.0,0.13905617951077562,0.0,0.0,0.0
479,Hybrid,0.5771493379489847,0.3570764765963919,0.0,0.4448530294934502,0.5473983622993502,0.07839826897867533,0.3436966913921454,0.16421958630632802,0.5771493379489847
480,none,0.0,0.0,0.0,0.0,0.0,0.0,0.0,0.0,0.0
481,none,0.0,0.0,0.0,0.0,0.0,0.0,0.0,0.0,0.0
482,none,0.0,0.0,0.0,0.0,0.0,0.0,0.0,0.0,0.0
483,none,0.0,0.0,0.0,0.0,0.0,0.0,0.0,0.0,0.0
484,none,0.0,0.0,0.0,0.0,0.0,0.0,0.0,0.0,0.0
485,none,0.0,0.0,0.0,0.0,0.0,0.0,0.0,0.0,0.0
486,Hybrid,0.7977228895450266,0.6131471927654584,0.0,0.6131471927654584,0.23719771276929622,0.6131471927654584,0.38685280723454163,0.23719771276929622,0.7977228895450266
487,Hybrid,0.21398626473452756,0.0,0.0,0.0,0.0,0.0,0.0,0.14606834984270645,0.21398626473452756
488,Hybrid,0.5306972923267992,0.3727892582642586,0.0,0.13743816645714543,0.3576223542196109,0.0,0.22415199495126514,0.0979129253499678,0.5306972923267992
489,ItemCF,0.4822987244600303,0.0,0.0,0.13012668333070054,0.4822987244600303,0.19519002499605084,0.24630238874073,0.0,0.44149241373678083
490,Hybrid,0.5087403079104241,0.0,0.0,0.0,0.0,0.0,0.13120507751234178,0.10699313236726378,0.5087403079104241
491,Popularity,0.5,0.5,0.0,0.0,0.0,0.0,0.0,0.0,0.0
492,UserCF,0.4412576003965278,0.09803928583135704,0.0,0.4412576003965278,0.13120507751234178,0.3391602052736161,0.2591217516005785,0.21398626473452756,0.3391602052736161
493,Hybrid,0.15448067472027407,0.14209201620336528,0.0,0.11752277470724268,0.07075576072108061,0.07075576072108061,0.10122860821230018,0.11752277470724268,0.15448067472027407
494,Hybrid,0.6366824387328317,0.3903800499921017,0.0,0.15101961822780524,0.11284514134893527,0.11751610475642714,0.24630238874073,0.19519002499605084,0.6366824387328317
495,Hybrid,0.2984900352767555,0.0,0.13886244387355454,0.0,0.0,0.0,0.11004588314904008,0.0,0.2984900352767555
496,Hybrid,0.4729327934832575,0.28371255449703187,0.0,0.3785988060390612,0.31488013066763093,0.13886244387355454,0.4440973278132557,0.31488013066763093,0.4729327934832575
497,none,0.0,0.0,0.0,0.0,0.0,0.0,0.0,0.0,0.0
498,Hybrid,0.14126697285982898,0.0,0.0,0.0,0.0,0.0,0.0,0.0,0.14126697285982898
499,ALS,0.07979453856244817,0.0,0.0,0.0761433407173835,0.0,0.0,0.07979453856244817,0.0,0.0
500,Hybrid,0.10778915452451093,0.0,0.0,0.0,0.0,0.0,0.0,0.0,0.10778915452451093
501,none,0.0,0.0,0.0,0.0,0.0,0.0,0.0,0.0,0.0
502,none,0.0,0.0,0.0,0.0,0.0,0.0,0.0,0.0,0.0
503,tie,0.22009176629808017,0.06362078819895171,0.0,0.0,0.0,0.0,0.22009176629808017,0.22009176629808017,0.07336392209936005
504,ALS,0.10893649261775588,0.0,0.0,0.07311683844390994,0.0,0.0,0.10893649261775588,0.0,0.07311683844390994
505,none,0.0,0.0,0.0,0.0,0.0,0.0,0.0,0.0,0.0
506,Hybrid,0.1681522864689108,0.0,0.0,0.0,0.11004588314904008,0.06943122193677727,0.06362078819895171,0.0,0.1681522864689108
507,none,0.0,0.0,0.0,0.0,0.0,0.0,0.0,0.0,0.0
508,SVD,0.37941405415148566,0.0,0.0,0.12647135138382856,0.10893649261775588,0.37941405415148566,0.12647135138382856,0.0,0.21657136003619623
509,Popularity,0.7039180890341347,0.7039180890341347,0.0,0.18154179253735267,0.0,0.0,0.0,0.46927872602275644,0.370291336443826
510,none,0.0,0.0,0.0,0.0,0.0,0.0,0.0,0.0,0.0
511,none,0.0,0.0,0.0,0.0,0.0,0.0,0.0,0.0,0.0
512,Popularity,0.23719771276929622,0.23719771276929622,0.0,0.0,0.0,0.0,0.0,0.0,0.0
513,ContentBased,0.38685280723454163,0.0,0.38685280723454163,0.0,0.0,0.0,0.0,0.0,0.0
514,tie,0.27487633291429087,0.08274602130532002,0.0,0.265053101293003,0.0,0.27487633291429087,0.27487633291429087,0.17342765698823945,0.17342765698823945
515,none,0.0,0.0,0.0,0.0,0.0,0.0,0.0,0.0,0.0
516,ALS,0.5,0.0,0.0,0.0,0.0,0.0,0.5,0.0,0.0
517,Hybrid,0.2960819109658652,0.0,0.0,0.0,0.0,0.0,0.23463936301137822,0.0,0.2960819109658652
518,none,0.0,0.0,0.0,0.0,0.0,0.0,0.0,0.0,0.0
519,Hybrid,0.5413996682199069,0.0,0.0,0.123151194370365,0.15101961822780524,0.0,0.3903800499921017,0.0,0.5413996682199069
520,none,0.0,0.0,0.0,0.0,0.0,0.0,0.0,0.0,0.0
521,tie,0.6131471927654584,0.0,0.0,0.20438239758848611,0.0,0.0,0.6131471927654584,0.0,0.6131471927654584
522,none,0.0,0.0,0.0,0.0,0.0,0.0,0.0,0.0,0.0
523,none,0.0,0.0,0.0,0.0,0.0,0.0,0.0,0.0,0.0
524,Hybrid,0.26582000527739175,0.07834851647149511,0.0,0.21875138291954288,0.0,0.1482972305701491,0.0,0.20124768870643614,0.26582000527739175
525,none,0.0,0.0,0.0,0.0,0.0,0.0,0.0,0.0,0.0
526,ALS,0.5249810332008933,0.0,0.0,0.0,0.0,0.3065735963827292,0.5249810332008933,0.0,0.17723928678404774
527,SVD,0.13886244387355454,0.0,0.0,0.0,0.0,0.13886244387355454,0.0,0.09478836436955078,0.08514311764162098
528,Hybrid,0.3903800499921017,0.0,0.0,0.2476427880871277,0.24630238874073,0.13905617951077562,0.16812753627111746,0.0,0.3903800499921017
529,none,0.0,0.0,0.0,0.0,0.0,0.0,0.0,0.0,0.0
530,none,0.0,0.0,0.0,0.0,0.0,0.0,0.0,0.0,0.0
531,tie,1.0,0.0,0.0,1.0,0.0,1.0,0.31546487678572877,0.5,0.31546487678572877
532,NCF,0.45841207143847534,0.13961814555374907,0.06943122193677727,0.3063365306564336,0.08514311764162098,0.2863459897524692,0.22476126319537007,0.45841207143847534,0.16421958630632802
533,Hybrid,0.40995091484653445,0.2934556883974402,0.0,0.1736666713479918,0.3746661058764784,0.3125291152215463,0.2583297509898471,0.0,0.40995091484653445
534,ItemCF,0.34656207537532585,0.0,0.0,0.0,0.34656207537532585,0.0,0.09109240322345806,0.0,0.10778915452451093
535,UserCF,0.33013764944712026,0.22009176629808017,0.0,0.33013764944712026,0.2984900352767555,0.2426178552850034,0.28323251649726616,0.13698471029831175,0.13886244387355454
536,ContentBased,0.3391602052736161,0.0,0.3391602052736161,0.0,0.0,0.0,0.0,0.0,0.0
537,none,0.0,0.0,0.0,0.0,0.0,0.0,0.0,0.0,0.0
538,ALS,0.20210734650054757,0.0,0.0,0.0,0.0,0.0,0.20210734650054757,0.0,0.18154179253735267
539,ALS,0.3903800499921017,0.0,0.0,0.11751610475642714,0.0,0.0,0.3903800499921017,0.0,0.123151194370365
540,ALS,0.36926780146674987,0.15642624200758548,0.0,0.0,0.0,0.0,0.36926780146674987,0.0,0.35853358850813305
541,ItemCF,0.4569970750177365,0.0,0.08514311764162098,0.22009176629808017,0.4569970750177365,0.22009176629808017,0.39215784798408637,0.06362078819895171,0.3476293915547282
542,UserCF,0.15958907712489634,0.0,0.0,0.15958907712489634,0.0,0.0,0.0,0.09785159463516042,0.09010000865236768
543,NCF,0.1208113026994942,0.0,0.0,0.0,0.0,0.0,0.0,0.1208113026994942,0.0
544,none,0.0,0.0,0.0,0.0,0.0,0.0,0.0,0.0,0.0
545,Hybrid,0.09109240322345806,0.0,0.0,0.0,0.0,0.0,0.0,0.0,0.09109240322345806
546,ALS,0.14606834984270645,0.0,0.11305340175787204,0.0,0.0,0.0,0.14606834984270645,0.0,0.10699313236726378
547,none,0.0,0.0,0.0,0.0,0.0,0.0,0.0,0.0,0.0
548,tie,0.27487633291429087,0.27487633291429087,0.0,0.0,0.27487633291429087,0.0,0.17342765698823945,0.0,0.10633668103022985
549,none,0.0,0.0,0.0,0.0,0.0,0.0,0.0,0.0,0.0
550,none,0.0,0.0,0.0,0.0,0.0,0.0,0.0,0.0,0.0
551,Hybrid,0.07839826897867533,0.0,0.0,0.0,0.0,0.0,0.0,0.0,0.07839826897867533
552,Popularity,1.0,1.0,0.0,0.0,0.0,0.0,0.31546487678572877,0.0,0.31546487678572877
553,ALS,0.2918104499436024,0.0,0.0,0.08671382849411972,0.0,0.11838279295536291,0.2918104499436024,0.0,0.27487633291429087
554,ItemCF,0.4318549146683101,0.35079429740281753,0.0,0.2529427027676571,0.4318549146683101,0.0843142342558857,0.12647135138382856,0.2529427027676571,0.2529427027676571
555,none,0.0,0.0,0.0,0.0,0.0,0.0,0.0,0.0,0.0
556,NCF,0.13012668333070054,0.0,0.0,0.0,0.0,0.0,0.0,0.13012668333070054,0.0
557,ALS,0.3010299956639812,0.0,0.0,0.0,0.0,0.0,0.3010299956639812,0.0,0.0
558,Hybrid,0.20438239758848611,0.0,0.0,0.0,0.0,0.0,0.0,0.0,0.20438239758848611
559,none,0.0,0.0,0.0,0.0,0.0,0.0,0.0,0.0,0.0
560,none,0.0,0.0,0.0,0.0,0.0,0.0,0.0,0.0,0.0
561,none,0.0,0.0,0.0,0.0,0.0,0.0,0.0,0.0,0.0
562,ItemCF,0.17342765698823945,0.0,0.0,0.0,0.17342765698823945,0.0,0.0,0.0,0.0
563,Hybrid,0.17723928678404774,0.0,0.0,0.0,0.0,0.0,0.0,0.0,0.17723928678404774
564,ALS,1.0,0.38685280723454163,0.0,0.6131471927654584,0.0,0.6131471927654584,1.0,0.0,0.6934264036172708
565,Hybrid,0.13565197343244778,0.0,0.0,0.0,0.0,0.0,0.0,0.0,0.13565197343244778
566,none,0.0,0.0,0.0,0.0,0.0,0.0,0.0,0.0,0.0
567,ItemCF,0.09010000865236768,0.0,0.0,0.0,0.09010000865236768,0.0,0.0,0.0,0.0
568,ItemCF,0.10209739512291163,0.0,0.0,0.0,0.10209739512291163,0.0,0.0,0.0,0.0
569,none,0.0,0.0,0.0,0.0,0.0,0.0,0.0,0.0,0.0
570,ALS,0.31546487678572877,0.0,0.0,0.0,0.0,0.0,0.31546487678572877,0.0,0.0
571,ItemCF,0.20438239758848611,0.0,0.0,0.0,0.20438239758848611,0.0,0.0,0.0,0.0
572,none,0.0,0.0,0.0,0.0,0.0,0.0,0.0,0.0,0.0
573,none,0.0,0.0,0.0,0.0,0.0,0.0,0.0,0.0,0.0
574,tie,0.2960819109658652,0.2960819109658652,0.0,0.2960819109658652,0.0,0.13565197343244778,0.0,0.15642624200758548,0.0
575,UserCF,0.3065735963827292,0.0,0.0,0.3065735963827292,0.17723928678404774,0.0,0.17723928678404774,0.18457569677956817,0.0
576,none,0.0,0.0,0.0,0.0,0.0,0.0,0.0,0.0,0.0
577,ItemCF,0.14465249243306436,0.07336392209936005,0.11004588314904008,0.0,0.14465249243306436,0.06625422345438903,0.09478836436955078,0.13886244387355454,0.06625422345438903
578,none,0.0,0.0,0.0,0.0,0.0,0.0,0.0,0.0,0.0
579,none,0.0,0.0,0.0,0.0,0.0,0.0,0.0,0.0,0.0
580,none,0.0,0.0,0.0,0.0,0.0,0.0,0.0,0.0,0.0
581,ALS,0.38685280723454163,0.0,0.0,0.0,0.0,0.0,0.38685280723454163,0.0,0.0
582,none,0.0,0.0,0.0,0.0,0.0,0.0,0.0,0.0,0.0
583,none,0.0,0.0,0.0,0.0,0.0,0.0,0.0,0.0,0.0
584,none,0.0,0.0,0.0,0.0,0.0,0.0,0.0,0.0,0.0
585,ALS,0.36926780146674987,0.0,0.0,0.0,0.0,0.0,0.36926780146674987,0.0,0.0
586,none,0.0,0.0,0.0,0.0,0.0,0.0,0.0,0.0,0.0
587,none,0.0,0.0,0.0,0.0,0.0,0.0,0.0,0.0,0.0
588,ItemCF,0.08514311764162098,0.0,0.0,0.0,0.08514311764162098,0.0,0.0,0.0,0.0
589,ItemCF,0.7039180890341347,0.0,0.0,0.0,0.7039180890341347,0.0,0.2960819109658652,0.0,0.23463936301137822
590,Hybrid,0.7598336331031966,0.16812753627111746,0.0,0.15101961822780524,0.0,0.0,0.31834121936641585,0.0,0.7598336331031966
591,none,0.0,0.0,0.0,0.0,0.0,0.0,0.0,0.0,0.0
592,UserCF,0.31954962756492084,0.3098064936645125,0.0,0.31954962756492084,0.14465249243306436,0.14465249243306436,0.2999050316974944,0.25469837558210445,0.2934556883974402
593,NCF,0.2266457470416442,0.07414861528507455,0.0,0.0,0.08372491399919346,0.10122860821230018,0.0,0.2266457470416442,0.19215663883127904
594,Hybrid,0.38685280723454163,0.0,0.0,0.3065735963827292,0.0,0.0,0.23719771276929622,0.0,0.38685280723454163
595,Hybrid,0.16989454721481587,0.0,0.0,0.0,0.07979453856244817,0.0,0.15958907712489634,0.0,0.16989454721481587
596,none,0.0,0.0,0.0,0.0,0.0,0.0,0.0,0.0,0.0
597,ContentBased,0.3010299956639812,0.0,0.3010299956639812,0.0,0.0,0.0,0.0,0.0,0.0
598,none,0.0,0.0,0.0,0.0,0.0,0.0,0.0,0.0,0.0
599,none,0.0,0.0,0.0,0.0,0.0,0.0,0.0,0.0,0.0
600,none,0.0,0.0,0.0,0.0,0.0,0.0,0.0,0.0,0.0
601,none,0.0,0.0,0.0,0.0,0.0,0.0,0.0,0.0,0.0
602,none,0.0,0.0,0.0,0.0,0.0,0.0,0.0,0.0,0.0
603,ItemCF,0.3903800499921017,0.0,0.0,0.13905617951077562,0.3903800499921017,0.123151194370365,0.19519002499605084,0.0,0.13905617951077562
604,none,0.0,0.0,0.0,0.0,0.0,0.0,0.0,0.0,0.0
605,tie,0.13743816645714543,0.0,0.0,0.09162544430476362,0.0,0.0,0.13743816645714543,0.13743816645714543,0.0
606,Popularity,0.31488013066763093,0.31488013066763093,0.11004588314904008,0.09478836436955078,0.0,0.20483424751859086,0.1487639058405727,0.22009176629808017,0.06362078819895171
607,UserCF,0.23463936301137822,0.0,0.0,0.23463936301137822,0.0,0.0,0.0,0.0,0.0
608,ItemCF,0.249689085777264,0.0,0.0,0.0,0.249689085777264,0.0,0.24390331138078203,0.0,0.07979453856244817
609,none,0.0,0.0,0.0,0.0,0.0,0.0,0.0,0.0,0.0
610,Popularity,0.09109240322345806,0.09109240322345806,0.0,0.0874717141014082,0.0,0.0,0.0874717141014082,0.0,0.0
611,Hybrid,0.23719771276929622,0.0,0.0,0.0,0.0,0.0,0.0,0.0,0.23719771276929622
612,none,0.0,0.0,0.0,0.0,0.0,0.0,0.0,0.0,0.0
613,none,0.0,0.0,0.0,0.0,0.0,0.0,0.0,0.0,0.0
614,none,0.0,0.0,0.0,0.0,0.0,0.0,0.0,0.0,0.0
615,ALS,0.19215663883127904,0.0,0.0,0.0,0.09092803061897883,0.0,0.19215663883127904,0.0,0.10122860821230018
616,ItemCF,0.15101961822780524,0.0,0.0,0.0,0.15101961822780524,0.0,0.0,0.0,0.11751610475642714
617,none,0.0,0.0,0.0,0.0,0.0,0.0,0.0,0.0,0.0
618,Hybrid,0.5590796706691326,0.08514311764162098,0.0,0.2532954041105318,0.43231813227099475,0.2082936658103318,0.3398414932237254,0.0,0.5590796706691326
619,none,0.0,0.0,0.0,0.0,0.0,0.0,0.0,0.0,0.0
620,none,0.0,0.0,0.0,0.0,0.0,0.0,0.0,0.0,0.0
621,NCF,0.1482972305701491,0.0,0.0,0.0,0.0,0.0,0.0,0.1482972305701491,0.0
622,none,0.0,0.0,0.0,0.0,0.0,0.0,0.0,0.0,0.0
623,NCF,0.13012668333070054,0.0,0.0,0.0,0.0,0.0,0.0,0.13012668333070054,0.0
624,UserCF,0.3079834593168982,0.0,0.0,0.3079834593168982,0.0874717141014082,0.21779548001177884,0.0,0.0,0.0
625,none,0.0,0.0,0.0,0.0,0.0,0.0,0.0,0.0,0.0
626,UserCF,0.7653606369886217,0.0,0.0,0.7653606369886217,0.20210734650054757,0.7039180890341347,0.14126697285982898,0.23463936301137822,0.40179981797758046
627,none,0.0,0.0,0.0,0.0,0.0,0.0,0.0,0.0,0.0
628,Hybrid,0.6131471927654584,0.23719771276929622,0.0,0.0,0.0,0.0,0.38685280723454163,0.0,0.6131471927654584
629,none,0.0,0.0,0.0,0.0,0.0,0.0,0.0,0.0,0.0
630,NCF,0.3347975674340217,0.0,0.0,0.16958010263680806,0.10699313236726378,0.11305340175787204,0.0,0.3347975674340217,0.0
631,none,0.0,0.0,0.0,0.0,0.0,0.0,0.0,0.0,0.0
632,SVD,0.5766882048947064,0.28371255449703187,0.0,0.39767223286316733,0.5423640154200349,0.5766882048947064,0.40995091484653445,0.11004588314904008,0.5036067026046991
633,none,0.0,0.0,0.0,0.0,0.0,0.0,0.0,0.0,0.0
634,UserCF,0.6804426793756725,0.1482972305701491,0.0,0.6804426793756725,0.11752277470724268,0.6003904580955008,0.3967293407545448,0.305801310135566,0.4742708106036133
635,Popularity,0.3333333333333333,0.3333333333333333,0.0,0.0,0.0,0.0,0.0,0.0,0.0
636,none,0.0,0.0,0.0,0.0,0.0,0.0,0.0,0.0,0.0
637,none,0.0,0.0,0.0,0.0,0.0,0.0,0.0,0.0,0.0
638,ALS,0.44149241373678083,0.11284514134893527,0.0,0.13012668333070054,0.3903800499921017,0.3071837157818931,0.44149241373678083,0.0,0.2741708125981702
639,none,0.0,0.0,0.0,0.0,0.0,0.0,0.0,0.0,0.0
640,NCF,0.21078558563971425,0.0,0.0,0.0,0.07979453856244817,0.09785159463516042,0.15958907712489634,0.21078558563971425,0.12647135138382856
641,SVD,0.29007579773858083,0.0,0.0,0.19519002499605084,0.0,0.29007579773858083,0.0,0.0,0.11284514134893527
642,ALS,0.15457433957839825,0.0,0.0,0.0,0.0,0.0,0.15457433957839825,0.0,0.08514311764162098
643,none,0.0,0.0,0.0,0.0,0.0,0.0,0.0,0.0,0.0
644,tie,0.11751610475642714,0.0,0.11751610475642714,0.0,0.11751610475642714,0.0,0.11751610475642714,0.0,0.0
645,ContentBased,0.11838279295536291,0.0,0.11838279295536291,0.0,0.0,0.0,0.0,0.0,0.0
646,none,0.0,0.0,0.0,0.0,0.0,0.0,0.0,0.0,0.0
647,none,0.0,0.0,0.0,0.0,0.0,0.0,0.0,0.0,0.0
648,SVD,0.18462675384408753,0.0,0.08274602130532002,0.0,0.08274602130532002,0.18462675384408753,0.0,0.0,0.0
649,none,0.0,0.0,0.0,0.0,0.0,0.0,0.0,0.0,0.0
650,none,0.0,0.0,0.0,0.0,0.0,0.0,0.0,0.0,0.0
651,none,0.0,0.0,0.0,0.0,0.0,0.0,0.0,0.0,0.0
652,none,0.0,0.0,0.0,0.0,0.0,0.0,0.0,0.0,0.0
653,NCF,0.35079429740281753,0.2896881984801062,0.0,0.0,0.07979453856244817,0.0,0.0,0.35079429740281753,0.0
654,ItemCF,0.1635413866202963,0.09478836436955078,0.0,0.06625422345438903,0.1635413866202963,0.11004588314904008,0.11004588314904008,0.06362078819895171,0.11004588314904008
655,UserCF,0.41966500663677697,0.0,0.0,0.41966500663677697,0.0,0.11706259313796354,0.19092086617893467,0.19092086617893467,0.11706259313796354
656,none,0.0,0.0,0.0,0.0,0.0,0.0,0.0,0.0,0.0
657,none,0.0,0.0,0.0,0.0,0.0,0.0,0.0,0.0,0.0
658,NCF,0.16958010263680806,0.0,0.0,0.0,0.0,0.0,0.14606834984270645,0.16958010263680806,0.1208113026994942
659,none,0.0,0.0,0.0,0.0,0.0,0.0,0.0,0.0,0.0
660,SVD,0.7653606369886217,0.13565197343244778,0.0,0.15642624200758548,0.46927872602275644,0.7653606369886217,0.13565197343244778,0.18154179253735267,0.6338412308988606
661,UserCF,0.2860604285087249,0.0,0.0,0.2860604285087249,0.10893649261775588,0.22432294601898897,0.23540784400158446,0.15743107269979564,0.16321684709627762
662,UserCF,0.18457569677956817,0.0,0.0,0.18457569677956817,0.0,0.0,0.0,0.0,0.0
663,UserCF,0.513528549750033,0.2934556883974402,0.0,0.513528549750033,0.18340980524840012,0.22009176629808017,0.11004588314904008,0.22716217481924803,0.14465249243306436
664,SVD,0.37566986542073233,0.07839826897867533,0.0,0.3436966913921454,0.06625422345438903,0.37566986542073233,0.08514311764162098,0.28088150105118154,0.23365080824310533
665,NCF,0.2529427027676571,0.0843142342558857,0.0,0.0843142342558857,0.07311683844390994,0.0,0.0,0.2529427027676571,0.0
666,tie,0.22009176629808017,0.0,0.0,0.22009176629808017,0.17993148201117176,0.13886244387355454,0.1610425878239398,0.06362078819895171,0.22009176629808017
667,ALS,0.2890648263178879,0.0,0.0,0.0,0.0,0.0,0.2890648263178879,0.0,0.0
668,none,0.0,0.0,0.0,0.0,0.0,0.0,0.0,0.0,0.0
669,ItemCF,0.19519002499605084,0.0,0.0,0.0,0.19519002499605084,0.0,0.0,0.0,0.0
670,Hybrid,0.46927872602275644,0.0,0.13565197343244778,0.1480409554829326,0.20210734650054757,0.0,0.18154179253735267,0.0,0.46927872602275644
671,tie,0.2529427027676571,0.1641087728183339,0.0,0.15958907712489634,0.2529427027676571,0.2529427027676571,0.0,0.0,0.0
672,none,0.0,0.0,0.0,0.0,0.0,0.0,0.0,0.0,0.0
673,NCF,0.14126697285982898,0.0,0.0,0.0,0.0,0.0,0.0,0.14126697285982898,0.0
674,ALS,0.5714285040141098,0.0,0.0,0.0,0.2640681225725909,0.2640681225725909,0.5714285040141098,0.0,0.48381288316677695
675,none,0.0,0.0,0.0,0.0,0.0,0.0,0.0,0.0,0.0
676,SVD,0.17342765698823945,0.0,0.0,0.13743816645714543,0.07945707943276742,0.17342765698823945,0.0,0.10633668103022985,0.0
677,none,0.0,0.0,0.0,0.0,0.0,0.0,0.0,0.0,0.0
678,ALS,1.0,0.3010299956639812,0.0,0.0,0.0,0.0,1.0,0.0,0.6309297535714575
679,none,0.0,0.0,0.0,0.0,0.0,0.0,0.0,0.0,0.0
680,none,0.0,0.0,0.0,0.0,0.0,0.0,0.0,0.0,0.0
681,Popularity,0.2640681225725909,0.2640681225725909,0.0,0.0,0.0,0.0,0.0,0.0,0.0
682,Hybrid,0.6059848036189867,0.47938213678331176,0.0,0.5958595188912912,0.5473983622993502,0.33013764944712026,0.41528076708874123,0.2973694836145356,0.6059848036189867
683,tie,0.10699313236726378,0.0,0.0,0.0,0.0,0.0,0.10699313236726378,0.0,0.10699313236726378
684,none,0.0,0.0,0.0,0.0,0.0,0.0,0.0,0.0,0.0
685,none,0.0,0.0,0.0,0.0,0.0,0.0,0.0,0.0,0.0
686,ALS,0.4103915680233244,0.19092086617893467,0.0,0.25909036127391766,0.28201326940239274,0.0,0.4103915680233244,0.10778915452451093,0.09109240322345806
687,none,0.0,0.0,0.0,0.0,0.0,0.0,0.0,0.0,0.0
688,none,0.0,0.0,0.0,0.0,0.0,0.0,0.0,0.0,0.0
689,SVD,0.3065735963827292,0.0,0.0,0.0,0.0,0.3065735963827292,0.0,0.0,0.0
690,none,0.0,0.0,0.0,0.0,0.0,0.0,0.0,0.0,0.0
691,none,0.0,0.0,0.0,0.0,0.0,0.0,0.0,0.0,0.0
692,none,0.0,0.0,0.0,0.0,0.0,0.0,0.0,0.0,0.0
693,NCF,0.6713860725233041,0.0,0.0,0.0,0.15642624200758548,0.0,0.14126697285982898,0.6713860725233041,0.0
694,Popularity,0.42838543210841196,0.42838543210841196,0.0,0.424926013816671,0.30523488393970116,0.22400556151517553,0.0,0.42520843362602373,0.13886244387355454
695,none,0.0,0.0,0.0,0.0,0.0,0.0,0.0,0.0,0.0
696,none,0.0,0.0,0.0,0.0,0.0,0.0,0.0,0.0,0.0
697,Hybrid,0.19519002499605084,0.16812753627111746,0.11751610475642714,0.0,0.0,0.13012668333070054,0.13905617951077562,0.0,0.19519002499605084
698,none,0.0,0.0,0.0,0.0,0.0,0.0,0.0,0.0,0.0
699,ItemCF,0.3903800499921017,0.0,0.0,0.24630238874073,0.3903800499921017,0.0,0.16812753627111746,0.0,0.0
700,NCF,0.43067655807339306,0.0,0.0,0.0,0.0,0.0,0.0,0.43067655807339306,0.3562071871080222
701,Hybrid,0.18154179253735267,0.13565197343244778,0.16716045496620227,0.13565197343244778,0.0,0.0,0.0,0.0,0.18154179253735267
702,ItemCF,1.0,0.0,0.0,0.0,1.0,0.5,0.6309297535714575,0.0,0.0
703,tie,0.6131471927654584,0.38685280723454163,0.0,0.0,0.5249810332008933,0.2640681225725909,0.6131471927654584,0.0,0.6131471927654584
704,ItemCF,0.36121914672349015,0.0,0.0,0.11305340175787204,0.36121914672349015,0.0,0.13120507751234178,0.0,0.3156484524795145
705,NCF,0.20210734650054757,0.0,0.0,0.1480409554829326,0.0,0.0,0.0,0.20210734650054757,0.0
706,ALS,0.2640681225725909,0.19342640361727081,0.0,0.0,0.0,0.0,0.2640681225725909,0.0,0.23719771276929622
707,ALS,0.09803928583135704,0.0,0.0,0.0,0.0,0.0,0.09803928583135704,0.0,0.0
708,Hybrid,0.2893079283427616,0.0,0.0,0.0,0.14126697285982898,0.20210734650054757,0.23463936301137822,0.0,0.2893079283427616
709,none,0.0,0.0,0.0,0.0,0.0,0.0,0.0,0.0,0.0
710,NCF,0.30260241349881345,0.0,0.0,0.0874717141014082,0.0,0.0,0.0,0.30260241349881345,0.0
711,NCF,0.20248323207250624,0.0,0.0,0.0,0.0,0.06362078819895171,0.09478836436955078,0.20248323207250624,0.1610425878239398
712,ALS,0.38334277998463445,0.10122860821230018,0.0,0.0,0.0,0.1482972305701491,0.38334277998463445,0.0,0.1482972305701491
713,ALS,1.0,0.0,0.0,0.0,0.0,0.0,1.0,0.0,0.6309297535714575
714,Popularity,0.3065735963827292,0.3065735963827292,0.0,0.0,0.23719771276929622,0.0,0.21840743681816419,0.0,0.2640681225725909
715,tie,0.13012668333070054,0.0,0.0,0.13012668333070054,0.0,0.0,0.0,0.0,0.13012668333070054
716,ALS,0.31488013066763093,0.07839826897867533,0.09478836436955078,0.2082936658103318,0.0,0.13886244387355454,0.31488013066763093,0.07839826897867533,0.28952298823485745
717,NCF,0.4483039899025303,0.38121301394452073,0.0,0.3932591258696538,0.0,0.11838279295536291,0.17342765698823945,0.4483039899025303,0.10633668103022985
718,none,0.0,0.0,0.0,0.0,0.0,0.0,0.0,0.0,0.0
719,Hybrid,0.3065735963827292,0.0,0.0,0.0,0.0,0.19342640361727081,0.20438239758848611,0.0,0.3065735963827292
720,UserCF,0.2640681225725909,0.0,0.0,0.2640681225725909,0.0,0.0,0.0,0.0,0.17723928678404774
721,ItemCF,0.13886244387355454,0.07336392209936005,0.0,0.11004588314904008,0.13886244387355454,0.06943122193677727,0.08514311764162098,0.0,0.11004588314904008
722,none,0.0,0.0,0.0,0.0,0.0,0.0,0.0,0.0,0.0
723,none,0.0,0.0,0.0,0.0,0.0,0.0,0.0,0.0,0.0
724,none,0.0,0.0,0.0,0.0,0.0,0.0,0.0,0.0,0.0
725,none,0.0,0.0,0.0,0.0,0.0,0.0,0.0,0.0,0.0
726,none,0.0,0.0,0.0,0.0,0.0,0.0,0.0,0.0,0.0
727,Hybrid,0.3903800499921017,0.0,0.0,0.0,0.0,0.0,0.0,0.0,0.3903800499921017
728,Hybrid,0.6131471927654584,0.0,0.0,0.2640681225725909,0.0,0.0,0.20438239758848611,0.0,0.6131471927654584
729,Hybrid,0.6131471927654584,0.0,0.0,0.0,0.0,0.0,0.3065735963827292,0.0,0.6131471927654584
730,tie,1.0,0.0,0.0,0.0,0.5,0.2890648263178879,1.0,0.0,1.0
731,Hybrid,0.4599715079731103,0.0,0.0,0.23386470445736623,0.0,0.0,0.32703966649239957,0.0,0.4599715079731103
732,none,0.0,0.0,0.0,0.0,0.0,0.0,0.0,0.0,0.0
733,none,0.0,0.0,0.0,0.0,0.0,0.0,0.0,0.0,0.0
734,Popularity,0.11305340175787204,0.11305340175787204,0.0,0.0,0.0,0.0,0.0,0.0,0.0
735,Hybrid,0.38685280723454163,0.0,0.0,0.21840743681816419,0.0,0.0,0.23719771276929622,0.0,0.38685280723454163
736,none,0.0,0.0,0.0,0.0,0.0,0.0,0.0,0.0,0.0
737,Hybrid,0.617319681505689,0.14126697285982898,0.0,0.46927872602275644,0.0,0.46927872602275644,0.20210734650054757,0.2960819109658652,0.617319681505689
738,NCF,0.27487633291429087,0.10633668103022985,0.0,0.24377484748737527,0.07945707943276742,0.09162544430476362,0.17342765698823945,0.27487633291429087,0.23535109180711322
739,Hybrid,0.16716045496620227,0.0,0.0,0.0,0.0,0.0,0.0,0.14126697285982898,0.16716045496620227
740,Hybrid,0.21840743681816419,0.0,0.0,0.0,0.0,0.0,0.20438239758848611,0.0,0.21840743681816419
741,ALS,0.3333333333333333,0.0,0.0,0.0,0.0,0.0,0.3333333333333333,0.0,0.0
742,none,0.0,0.0,0.0,0.0,0.0,0.0,0.0,0.0,0.0
743,none,0.0,0.0,0.0,0.0,0.0,0.0,0.0,0.0,0.0
744,none,0.0,0.0,0.0,0.0,0.0,0.0,0.0,0.0,0.0
745,tie,0.38685280723454163,0.20438239758848611,0.0,0.2640681225725909,0.0,0.0,0.0,0.38685280723454163,0.38685280723454163
746,Hybrid,0.3044671974905181,0.16716045496620227,0.0,0.23463936301137822,0.0,0.0,0.0,0.2960819109658652,0.3044671974905181
747,ALS,0.22009176629808017,0.06943122193677727,0.0,0.0,0.0,0.0,0.22009176629808017,0.07839826897867533,0.11004588314904008
748,none,0.0,0.0,0.0,0.0,0.0,0.0,0.0,0.0,0.0
749,NCF,0.22009176629808017,0.20483424751859086,0.0,0.21726071285222986,0.0,0.0,0.0,0.22009176629808017,0.07839826897867533
750,none,0.0,0.0,0.0,0.0,0.0,0.0,0.0,0.0,0.0
751,none,0.0,0.0,0.0,0.0,0.0,0.0,0.0,0.0,0.0
752,Hybrid,0.23330247263525344,0.14606834984270645,0.0,0.11305340175787204,0.11305340175787204,0.0,0.0,0.0,0.23330247263525344
753,NCF,0.4776237035032179,0.16716045496620227,0.0,0.4525081529734507,0.0,0.0,0.46927872602275644,0.4776237035032179,0.2836929289153804
754,none,0.0,0.0,0.0,0.0,0.0,0.0,0.0,0.0,0.0
755,ALS,0.3333333333333333,0.0,0.0,0.0,0.3010299956639812,0.0,0.3333333333333333,0.0,0.0
756,none,0.0,0.0,0.0,0.0,0.0,0.0,0.0,0.0,0.0
757,ItemCF,0.46927872602275644,0.3152014104491349,0.0,0.34870224750355494,0.46927872602275644,0.0,0.20210734650054757,0.0,0.2960819109658652
758,NCF,0.5388856921828065,0.4885468020156227,0.0,0.2863459897524692,0.06625422345438903,0.0,0.0,0.5388856921828065,0.3531437764338092
759,ALS,0.7039180890341347,0.0,0.0,0.0,0.6257049680303419,0.0,0.7039180890341347,0.0,0.1480409554829326
760,none,0.0,0.0,0.0,0.0,0.0,0.0,0.0,0.0,0.0
761,ItemCF,0.38268031849431083,0.0,0.0,0.0,0.38268031849431083,0.15642624200758548,0.20210734650054757,0.0,0.36926780146674987
762,none,0.0,0.0,0.0,0.0,0.0,0.0,0.0,0.0,0.0
763,ItemCF,0.10086747116627115,0.0,0.0,0.0,0.10086747116627115,0.0874717141014082,0.0,0.0,0.0
764,ALS,0.2529427027676571,0.0,0.0,0.0,0.10893649261775588,0.0843142342558857,0.2529427027676571,0.0,0.15958907712489634
765,none,0.0,0.0,0.0,0.0,0.0,0.0,0.0,0.0,0.0
766,none,0.0,0.0,0.0,0.0,0.0,0.0,0.0,0.0,0.0
767,none,0.0,0.0,0.0,0.0,0.0,0.0,0.0,0.0,0.0
768,Hybrid,0.18154179253735267,0.0,0.0,0.0,0.0,0.0,0.0,0.0,0.18154179253735267
769,none,0.0,0.0,0.0,0.0,0.0,0.0,0.0,0.0,0.0
770,ALS,0.30260241349881345,0.09109240322345806,0.0,0.0,0.0,0.13032376591037062,0.30260241349881345,0.0,0.19092086617893467
771,SVD,0.32531670832675136,0.24630238874073,0.0,0.0,0.0,0.32531670832675136,0.0,0.0,0.0
772,ItemCF,0.5,0.0,0.0,0.0,0.5,0.0,0.0,0.0,0.0
773,UserCF,0.45746962505305017,0.0,0.0,0.45746962505305017,0.1719843689333808,0.06794340091829075,0.16507664590405338,0.3337634061956825,0.0
774,none,0.0,0.0,0.0,0.0,0.0,0.0,0.0,0.0,0.0
775,none,0.0,0.0,0.0,0.0,0.0,0.0,0.0,0.0,0.0
776,none,0.0,0.0,0.0,0.0,0.0,0.0,0.0,0.0,0.0
777,none,0.0,0.0,0.0,0.0,0.0,0.0,0.0,0.0,0.0
778,none,0.0,0.0,0.0,0.0,0.0,0.0,0.0,0.0,0.0
779,Hybrid,0.2640681225725909,0.0,0.0,0.0,0.0,0.0,0.0,0.0,0.2640681225725909
780,tie,0.2960819109658652,0.0,0.20210734650054757,0.2960819109658652,0.15642624200758548,0.2960819109658652,0.0,0.23463936301137822,0.20210734650054757
781,Hybrid,0.9178287402913377,0.5078961547485289,0.0,0.3903800499921017,0.8318724637288826,0.5205067333228022,0.6366824387328317,0.7246262544989281,0.9178287402913377
782,none,0.0,0.0,0.0,0.0,0.0,0.0,0.0,0.0,0.0
783,ALS,0.46845052016107697,0.0,0.0,0.0,0.0,0.0,0.46845052016107697,0.0,0.21840743681816419
784,Hybrid,0.19342640361727081,0.0,0.0,0.0,0.0,0.0,0.0,0.0,0.19342640361727081
785,none,0.0,0.0,0.0,0.0,0.0,0.0,0.0,0.0,0.0
786,Hybrid,0.4690000933206748,0.3647442587311445,0.0,0.43231813227099475,0.4537425745411855,0.38504814933911535,0.424926013816671,0.31488013066763093,0.4690000933206748
787,ALS,0.15642624200758548,0.0,0.0,0.0,0.0,0.0,0.15642624200758548,0.0,0.0
788,none,0.0,0.0,0.0,0.0,0.0,0.0,0.0,0.0,0.0
789,tie,1.0,1.0,0.0,0.3562071871080222,1.0,0.43067655807339306,0.6309297535714575,0.0,0.0
790,none,0.0,0.0,0.0,0.0,0.0,0.0,0.0,0.0,0.0
791,Popularity,0.9197207891481876,0.9197207891481876,0.0,0.6131471927654584,0.0,0.0,0.0,0.6131471927654584,0.0
792,none,0.0,0.0,0.0,0.0,0.0,0.0,0.0,0.0,0.0
793,none,0.0,0.0,0.0,0.0,0.0,0.0,0.0,0.0,0.0
794,Hybrid,0.23463936301137822,0.0,0.0,0.0,0.0,0.0,0.1480409554829326,0.0,0.23463936301137822
795,SVD,0.6309297535714575,0.38685280723454163,0.0,0.0,0.0,0.6309297535714575,0.31546487678572877,0.0,0.0
796,ItemCF,0.424926013816671,0.11004588314904008,0.0,0.08514311764162098,0.424926013816671,0.0,0.0,0.0,0.1487639058405727
797,none,0.0,0.0,0.0,0.0,0.0,0.0,0.0,0.0,0.0
798,ALS,0.30260241349881345,0.0,0.0,0.0,0.0,0.0,0.30260241349881345,0.0,0.10086747116627115
799,ALS,0.43067655807339306,0.0,0.0,0.0,0.0,0.0,0.43067655807339306,0.0,0.3562071871080222
800,none,0.0,0.0,0.0,0.0,0.0,0.0,0.0,0.0,0.0
801,Hybrid,0.3333333333333333,0.0,0.0,0.0,0.0,0.0,0.0,0.0,0.3333333333333333
802,UserCF,0.13120507751234178,0.10699313236726378,0.0,0.13120507751234178,0.0,0.0,0.0,0.0,0.0
803,ALS,0.48381288316677695,0.0,0.0,0.0,0.20438239758848611,0.0,0.48381288316677695,0.0,0.38685280723454163
804,ALS,0.13120507751234178,0.0,0.0,0.0,0.0,0.0,0.13120507751234178,0.0,0.09803928583135704
805,Hybrid,0.1850798333351394,0.09785159463516042,0.0843142342558857,0.0,0.0,0.12647135138382856,0.15958907712489634,0.0,0.1850798333351394
806,SVD,0.0979129253499678,0.0,0.0,0.0,0.0,0.0979129253499678,0.0,0.0,0.0
807,Hybrid,0.17947710508581735,0.0,0.0,0.0,0.0,0.06362078819895171,0.0,0.0,0.17947710508581735
808,UserCF,0.19342640361727081,0.0,0.0,0.19342640361727081,0.0,0.17723928678404774,0.0,0.0,0.0
809,none,0.0,0.0,0.0,0.0,0.0,0.0,0.0,0.0,0.0
810,ALS,0.5912352048230277,0.0,0.0,0.0,0.0,0.21840743681816419,0.5912352048230277,0.0,0.17723928678404774
811,none,0.0,0.0,0.0,0.0,0.0,0.0,0.0,0.0,0.0
812,none,0.0,0.0,0.0,0.0,0.0,0.0,0.0,0.0,0.0
813,none,0.0,0.0,0.0,0.0,0.0,0.0,0.0,0.0,0.0
814,none,0.0,0.0,0.0,0.0,0.0,0.0,0.0,0.0,0.0
815,ALS,0.39757965193950456,0.25617367829355947,0.0,0.07945707943276742,0.13743816645714543,0.0,0.39757965193950456,0.3576223542196109,0.36650177721905447
816,ALS,0.2640681225725909,0.23719771276929622,0.0,0.0,0.0,0.0,0.2640681225725909,0.0,0.18457569677956817
817,none,0.0,0.0,0.0,0.0,0.0,0.0,0.0,0.0,0.0
818,none,0.0,0.0,0.0,0.0,0.0,0.0,0.0,0.0,0.0
819,ALS,0.21840743681816419,0.0,0.0,0.0,0.0,0.0,0.21840743681816419,0.0,0.0
820,none,0.0,0.0,0.0,0.0,0.0,0.0,0.0,0.0,0.0
821,ALS,0.15130120674940672,0.0,0.0,0.0,0.09109240322345806,0.09546043308946733,0.15130120674940672,0.0,0.10086747116627115
822,none,0.0,0.0,0.0,0.0,0.0,0.0,0.0,0.0,0.0
823,ALS,0.11838279295536291,0.08671382849411972,0.0,0.0,0.0,0.0,0.11838279295536291,0.0,0.0
824,none,0.0,0.0,0.0,0.0,0.0,0.0,0.0,0.0,0.0
825,Popularity,0.8503449055347546,0.8503449055347546,0.0,0.38685280723454163,0.6131471927654584,0.38685280723454163,0.6131471927654584,0.0,0.6131471927654584
826,none,0.0,0.0,0.0,0.0,0.0,0.0,0.0,0.0,0.0
827,none,0.0,0.0,0.0,0.0,0.0,0.0,0.0,0.0,0.0
828,Hybrid,0.24630238874073,0.0,0.0,0.123151194370365,0.0,0.0,0.19519002499605084,0.0,0.24630238874073
829,Hybrid,0.32097939710179135,0.0,0.0,0.10209739512291163,0.0,0.14606834984270645,0.22924436334369883,0.0,0.32097939710179135
830,SVD,0.15958907712489634,0.0,0.0,0.0,0.09785159463516042,0.15958907712489634,0.09010000865236768,0.0,0.12647135138382856
831,Popularity,0.13120507751234178,0.13120507751234178,0.0,0.0,0.0,0.0,0.09803928583135704,0.0,0.09803928583135704
832,none,0.0,0.0,0.0,0.0,0.0,0.0,0.0,0.0,0.0
833,none,0.0,0.0,0.0,0.0,0.0,0.0,0.0,0.0,0.0
834,Hybrid,0.13905617951077562,0.0,0.0,0.0,0.0,0.0,0.0,0.0,0.13905617951077562
835,NCF,0.28952298823485745,0.2863459897524692,0.0,0.2082936658103318,0.13886244387355454,0.0,0.06625422345438903,0.28952298823485745,0.06362078819895171
836,SVD,0.15101961822780524,0.123151194370365,0.0,0.13012668333070054,0.0,0.15101961822780524,0.0,0.13012668333070054,0.0
837,none,0.0,0.0,0.0,0.0,0.0,0.0,0.0,0.0,0.0
838,tie,0.23504554941448536,0.15249713175656968,0.0,0.07834851647149511,0.0,0.0,0.23504554941448536,0.0,0.23504554941448536
839,none,0.0,0.0,0.0,0.0,0.0,0.0,0.0,0.0,0.0
840,ALS,0.35970991185182927,0.0,0.0,0.13305201013572898,0.2934556883974402,0.0,0.35970991185182927,0.0,0.15850703974098102
841,none,0.0,0.0,0.0,0.0,0.0,0.0,0.0,0.0,0.0
842,none,0.0,0.0,0.0,0.0,0.0,0.0,0.0,0.0,0.0
843,tie,1.0,0.0,0.0,0.6309297535714575,0.6309297535714575,1.0,1.0,0.0,0.6309297535714575
844,Hybrid,0.6187976698388302,0.32605954121156705,0.0,0.3327372413301053,0.45973079002057343,0.361879195385413,0.37941405415148566,0.14926017916129347,0.6187976698388302
845,none,0.0,0.0,0.0,0.0,0.0,0.0,0.0,0.0,0.0
846,none,0.0,0.0,0.0,0.0,0.0,0.0,0.0,0.0,0.0
847,ItemCF,0.5857421563596757,0.19305050952434957,0.0,0.53501781839665,0.5857421563596757,0.10633668103022985,0.13743816645714543,0.0979129253499678,0.3727892582642586
848,ItemCF,0.17630010660342912,0.0,0.0,0.0,0.17630010660342912,0.0,0.06625422345438903,0.0,0.06943122193677727
849,none,0.0,0.0,0.0,0.0,0.0,0.0,0.0,0.0,0.0
850,ALS,0.3347975674340217,0.0,0.0,0.2716774977597197,0.16958010263680806,0.0,0.3347975674340217,0.0,0.13120507751234178
851,NCF,0.5321408435198608,0.28952298823485745,0.0,0.30523488393970116,0.09478836436955078,0.0,0.08514311764162098,0.5321408435198608,0.4690000933206748
852,none,0.0,0.0,0.0,0.0,0.0,0.0,0.0,0.0,0.0
853,ALS,0.2640681225725909,0.0,0.0,0.0,0.0,0.0,0.2640681225725909,0.0,0.0
854,SVD,0.7058075148678526,0.38504814933911535,0.0,0.6871952210980248,0.09478836436955078,0.7058075148678526,0.22400556151517553,0.28088150105118154,0.6332196796270029
855,ALS,1.0,0.0,0.0,0.0,0.0,0.0,1.0,0.0,0.6309297535714575
856,none,0.0,0.0,0.0,0.0,0.0,0.0,0.0,0.0,0.0
857,none,0.0,0.0,0.0,0.0,0.0,0.0,0.0,0.0,0.0
858,none,0.0,0.0,0.0,0.0,0.0,0.0,0.0,0.0,0.0
859,none,0.0,0.0,0.0,0.0,0.0,0.0,0.0,0.0,0.0
860,none,0.0,0.0,0.0,0.0,0.0,0.0,0.0,0.0,0.0
861,ContentBased,0.20438239758848611,0.0,0.20438239758848611,0.0,0.0,0.0,0.0,0.0,0.0
862,Hybrid,0.16421958630632802,0.0,0.0,0.0,0.0,0.0,0.0,0.06362078819895171,0.16421958630632802
863,ItemCF,0.5855700749881525,0.0,0.0,0.0,0.5855700749881525,0.0,0.0,0.0,0.0
864,Popularity,0.2934556883974402,0.2934556883974402,0.0,0.0,0.06362078819895171,0.0,0.07336392209936005,0.0,0.09478836436955078
865,Popularity,0.2640681225725909,0.2640681225725909,0.0,0.0,0.0,0.0,0.0,0.0,0.0
866,SVD,0.31546487678572877,0.0,0.0,0.0,0.0,0.31546487678572877,0.0,0.0,0.0
867,Popularity,0.19632790425573848,0.19632790425573848,0.0,0.0,0.19092086617893467,0.0,0.0,0.09546043308946733,0.10778915452451093
868,none,0.0,0.0,0.0,0.0,0.0,0.0,0.0,0.0,0.0
869,SVD,0.24630238874073,0.0,0.0,0.13012668333070054,0.0,0.24630238874073,0.123151194370365,0.0,0.0
870,NCF,0.5352543167750639,0.4537425745411855,0.0,0.3589542101716347,0.0,0.22009176629808017,0.13698471029831175,0.5352543167750639,0.42520843362602373
871,none,0.0,0.0,0.0,0.0,0.0,0.0,0.0,0.0,0.0
872,SVD,0.23719771276929622,0.0,0.0,0.0,0.0,0.23719771276929622,0.0,0.0,0.0
873,none,0.0,0.0,0.0,0.0,0.0,0.0,0.0,0.0,0.0
874,none,0.0,0.0,0.0,0.0,0.0,0.0,0.0,0.0,0.0
875,SVD,0.5026317885449211,0.09010000865236768,0.0,0.1850798333351394,0.2905801242021624,0.5026317885449211,0.07979453856244817,0.15743107269979564,0.28335073552600926
876,ALS,0.38685280723454163,0.0,0.0,0.0,0.0,0.0,0.38685280723454163,0.0,0.0
877,Popularity,0.0874717141014082,0.0874717141014082,0.0,0.0,0.0,0.0,0.0,0.0,0.0
878,ALS,0.2836929289153804,0.0,0.0,0.15642624200758548,0.23463936301137822,0.0,0.2836929289153804,0.0,0.0
879,ItemCF,0.6131471927654584,0.0,0.0,0.0,0.6131471927654584,0.0,0.38685280723454163,0.0,0.23719771276929622
880,Popularity,0.20483424751859086,0.20483424751859086,0.08514311764162098,0.0,0.0,0.0,0.0,0.1884441521277154,0.0
881,UserCF,0.21398626473452756,0.09803928583135704,0.0,0.21398626473452756,0.16958010263680806,0.0,0.14606834984270645,0.0,0.16958010263680806
882,ALS,0.09092803061897883,0.0,0.0,0.0,0.06794340091829075,0.0,0.09092803061897883,0.0,0.0
883,SVD,0.13961814555374907,0.06362078819895171,0.0,0.0,0.0,0.13961814555374907,0.09478836436955078,0.0,0.0
884,none,0.0,0.0,0.0,0.0,0.0,0.0,0.0,0.0,0.0
885,Hybrid,0.4371994911049732,0.10209739512291163,0.0,0.0,0.3391602052736161,0.0,0.0,0.0,0.4371994911049732
886,ItemCF,0.2529427027676571,0.0,0.0,0.12647135138382856,0.2529427027676571,0.0,0.07979453856244817,0.0,0.09785159463516042
887,none,0.0,0.0,0.0,0.0,0.0,0.0,0.0,0.0,0.0
888,none,0.0,0.0,0.0,0.0,0.0,0.0,0.0,0.0,0.0
889,none,0.0,0.0,0.0,0.0,0.0,0.0,0.0,0.0,0.0
890,SVD,0.11751610475642714,0.11284514134893527,0.0,0.0,0.0,0.11751610475642714,0.0,0.0,0.0
891,Hybrid,0.34620964322385606,0.0,0.0,0.0,0.0,0.0,0.2685357229842324,0.0,0.34620964322385606
892,Popularity,0.17993148201117176,0.17993148201117176,0.0,0.0,0.0,0.0,0.0,0.0,0.0
893,UserCF,0.2890648263178879,0.0,0.0,0.2890648263178879,0.0,0.0,0.0,0.0,0.0
894,ALS,0.23504554941448536,0.0,0.0,0.08372491399919346,0.0,0.1482972305701491,0.23504554941448536,0.07834851647149511,0.2266457470416442
895,none,0.0,0.0,0.0,0.0,0.0,0.0,0.0,0.0,0.0
896,UserCF,0.4690000933206748,0.1681522864689108,0.0,0.4690000933206748,0.22009176629808017,0.2835149363066189,0.22009176629808017,0.42257499837058643,0.30240383049385083
897,Hybrid,0.5541432109622958,0.3714891073940902,0.0,0.4885468020156227,0.5423640154200349,0.07336392209936005,0.3340514446642156,0.22009176629808017,0.5541432109622958
898,none,0.0,0.0,0.0,0.0,0.0,0.0,0.0,0.0,0.0
899,tie,0.0874717141014082,0.0,0.0874717141014082,0.0,0.0874717141014082,0.0,0.0,0.0,0.0
900,none,0.0,0.0,0.0,0.0,0.0,0.0,0.0,0.0,0.0
901,ALS,0.09785159463516042,0.0,0.0,0.0,0.09010000865236768,0.0,0.09785159463516042,0.0,0.0
902,Hybrid,0.20210734650054757,0.0,0.0,0.0,0.0,0.0,0.0,0.0,0.20210734650054757
903,Hybrid,0.30701473034246535,0.07839826897867533,0.0,0.2863459897524692,0.07336392209936005,0.1681522864689108,0.30523488393970116,0.28088150105118154,0.30701473034246535
904,ContentBased,0.23463936301137822,0.0,0.23463936301137822,0.0,0.0,0.0,0.0,0.0,0.0
905,none,0.0,0.0,0.0,0.0,0.0,0.0,0.0,0.0,0.0
906,ItemCF,0.20438239758848611,0.0,0.0,0.0,0.20438239758848611,0.0,0.0,0.0,0.0
907,ALS,0.22009176629808017,0.06362078819895171,0.0,0.21222636597291458,0.0,0.07839826897867533,0.22009176629808017,0.21222636597291458,0.0
908,none,0.0,0.0,0.0,0.0,0.0,0.0,0.0,0.0,0.0
909,none,0.0,0.0,0.0,0.0,0.0,0.0,0.0,0.0,0.0
910,NCF,0.46927872602275644,0.0,0.0,0.16716045496620227,0.14126697285982898,0.0,0.0,0.46927872602275644,0.0
911,ALS,0.0843142342558857,0.0,0.0,0.07311683844390994,0.0,0.0,0.0843142342558857,0.0,0.0
912,ItemCF,0.15101961822780524,0.0,0.0,0.0,0.15101961822780524,0.0,0.0,0.0,0.0
913,Hybrid,0.644824486427155,0.6023514424130536,0.0,0.4935232796777481,0.13032376591037062,0.0,0.3980628465882808,0.5709662133861837,0.644824486427155
914,ALS,0.43067655807339306,0.0,0.0,0.0,0.0,0.0,0.43067655807339306,0.0,0.3010299956639812
915,ALS,0.43067655807339306,0.0,0.0,0.0,0.0,0.0,0.43067655807339306,0.0,0.31546487678572877
916,tie,0.13120507751234178,0.0,0.0,0.0,0.0,0.13120507751234178,0.0,0.0,0.13120507751234178
917,none,0.0,0.0,0.0,0.0,0.0,0.0,0.0,0.0,0.0
918,none,0.0,0.0,0.0,0.0,0.0,0.0,0.0,0.0,0.0
919,none,0.0,0.0,0.0,0.0,0.0,0.0,0.0,0.0,0.0
920,none,0.0,0.0,0.0,0.0,0.0,0.0,0.0,0.0,0.0
921,tie,0.14606834984270645,0.0,0.0,0.0,0.09803928583135704,0.0,0.14606834984270645,0.0,0.14606834984270645
922,tie,0.2960819109658652,0.2960819109658652,0.0,0.0,0.20210734650054757,0.2960819109658652,0.0,0.0,0.0
923,Popularity,0.11838279295536291,0.11838279295536291,0.0,0.08671382849411972,0.0,0.0,0.0,0.0979129253499678,0.0
924,Popularity,0.23463936301137822,0.23463936301137822,0.0,0.0,0.0,0.0,0.16716045496620227,0.0,0.0
925,none,0.0,0.0,0.0,0.0,0.0,0.0,0.0,0.0,0.0
926,none,0.0,0.0,0.0,0.0,0.0,0.0,0.0,0.0,0.0
927,ItemCF,0.424926013816671,0.22119341301481266,0.0,0.13568544539116628,0.424926013816671,0.22009176629808017,0.3421013776262553,0.09478836436955078,0.22009176629808017
928,none,0.0,0.0,0.0,0.0,0.0,0.0,0.0,0.0,0.0
929,Hybrid,0.36926780146674987,0.14126697285982898,0.0,0.0,0.0,0.0,0.2960819109658652,0.14126697285982898,0.36926780146674987
930,none,0.0,0.0,0.0,0.0,0.0,0.0,0.0,0.0,0.0
931,ALS,0.3079834593168982,0.13032376591037062,0.0,0.0,0.15130120674940672,0.19092086617893467,0.3079834593168982,0.0,0.26836379988737025
932,tie,0.13743816645714543,0.0,0.0,0.13743816645714543,0.0,0.0,0.13743816645714543,0.08274602130532002,0.07945707943276742
933,none,0.0,0.0,0.0,0.0,0.0,0.0,0.0,0.0,0.0
934,ALS,0.16958010263680806,0.0,0.0,0.0,0.0,0.0,0.16958010263680806,0.0,0.0
935,Hybrid,0.21840743681816419,0.0,0.0,0.0,0.0,0.0,0.0,0.0,0.21840743681816419
936,ALS,0.43735247915031,0.31488013066763093,0.0,0.22009176629808017,0.0,0.0,0.43735247915031,0.22009176629808017,0.20483424751859086
937,none,0.0,0.0,0.0,0.0,0.0,0.0,0.0,0.0,0.0
938,ALS,0.18154179253735267,0.0,0.0,0.0,0.0,0.0,0.18154179253735267,0.0,0.14126697285982898
939,none,0.0,0.0,0.0,0.0,0.0,0.0,0.0,0.0,0.0
940,UserCF,0.11305340175787204,0.10699313236726378,0.0,0.11305340175787204,0.0,0.09803928583135704,0.0,0.0,0.10209739512291163
941,Hybrid,0.6131471927654584,0.23719771276929622,0.0,0.0,0.0,0.19342640361727081,0.38685280723454163,0.0,0.6131471927654584
942,ItemCF,0.0979129253499678,0.0,0.08671382849411972,0.08671382849411972,0.0979129253499678,0.0,0.0,0.0,0.0
943,SVD,0.24630238874073,0.23599633571930026,0.0,0.0,0.0,0.24630238874073,0.0,0.0,0.0
